INSERT INTO siec_hoteli.dbo.panstwa (id_panstwa, nazwa_panstwa)
VALUES ('IT', 'Wlochy');
INSERT INTO siec_hoteli.dbo.panstwa (id_panstwa, nazwa_panstwa)
VALUES ('JP', 'Japonia');
INSERT INTO siec_hoteli.dbo.panstwa (id_panstwa, nazwa_panstwa)
VALUES ('US', 'USA');
INSERT INTO siec_hoteli.dbo.panstwa(id_panstwa, nazwa_panstwa)
VALUES ('CA', 'Kanada');
INSERT INTO siec_hoteli.dbo.panstwa(id_panstwa, nazwa_panstwa)
VALUES ('CH', 'Chiny');
INSERT INTO siec_hoteli.dbo.panstwa(id_panstwa, nazwa_panstwa)
VALUES ('IN', 'Indie');
INSERT INTO siec_hoteli.dbo.panstwa(id_panstwa, nazwa_panstwa)
VALUES ('AU', 'Australia');
INSERT INTO siec_hoteli.dbo.panstwa(id_panstwa, nazwa_panstwa)
VALUES ('UK', 'Wielka Brytania');
INSERT INTO siec_hoteli.dbo.panstwa(id_panstwa, nazwa_panstwa)
VALUES ('FR', 'Francja');
INSERT INTO siec_hoteli.dbo.panstwa(id_panstwa, nazwa_panstwa)
VALUES ('DE', 'Niemcy');
INSERT INTO siec_hoteli.dbo.panstwa(id_panstwa, nazwa_panstwa)
VALUES ('EG', 'Egipt');
INSERT INTO siec_hoteli.dbo.panstwa(id_panstwa, nazwa_panstwa)
VALUES ('PL', 'Polska');
INSERT INTO siec_hoteli.dbo.panstwa(id_panstwa, nazwa_panstwa)
VALUES ('BR', 'Brazylia');
INSERT INTO siec_hoteli.dbo.panstwa(id_panstwa, nazwa_panstwa)
VALUES ('MX', 'Meksyk');
INSERT INTO siec_hoteli.dbo.panstwa(id_panstwa, nazwa_panstwa)
VALUES ('DK', 'Dania');
INSERT INTO siec_hoteli.dbo.panstwa(id_panstwa, nazwa_panstwa)
VALUES ('AG', 'Argentyna');
INSERT INTO siec_hoteli.dbo.panstwa(id_panstwa, nazwa_panstwa)
VALUES ('BE', 'Belgia');
INSERT INTO siec_hoteli.dbo.panstwa(id_panstwa, nazwa_panstwa)
VALUES ('LT', 'Litwa');
GO

INSERT INTO siec_hoteli.dbo.miasta(nazwa_miasta, id_panstwa)
VALUES ('Rzym', 'IT');
INSERT INTO siec_hoteli.dbo.miasta(nazwa_miasta, id_panstwa)
VALUES ('Wenecja', 'IT');
INSERT INTO siec_hoteli.dbo.miasta(nazwa_miasta, id_panstwa)
VALUES ('Tokio', 'JP');
INSERT INTO siec_hoteli.dbo.miasta(nazwa_miasta, id_panstwa)
VALUES ('Ama', 'JP');
INSERT INTO siec_hoteli.dbo.miasta(nazwa_miasta, id_panstwa)
VALUES ('Fukui', 'JP');
INSERT INTO siec_hoteli.dbo.miasta(nazwa_miasta, id_panstwa)
VALUES ('Fukui', 'JP');
INSERT INTO siec_hoteli.dbo.miasta(nazwa_miasta, id_panstwa)
VALUES ('Nowy Jork', 'US');
INSERT INTO siec_hoteli.dbo.miasta(nazwa_miasta, id_panstwa)
VALUES ('Los Angeles', 'US');
INSERT INTO siec_hoteli.dbo.miasta(nazwa_miasta, id_panstwa)
VALUES ('Chicago', 'US');
INSERT INTO siec_hoteli.dbo.miasta(nazwa_miasta, id_panstwa)
VALUES ('Filadelfia', 'US');
INSERT INTO siec_hoteli.dbo.miasta(nazwa_miasta, id_panstwa)
VALUES ('Toronto', 'CA');
INSERT INTO siec_hoteli.dbo.miasta(nazwa_miasta, id_panstwa)
VALUES ('Ottawa', 'CA');
INSERT INTO siec_hoteli.dbo.miasta(nazwa_miasta, id_panstwa)
VALUES ('Pekin', 'CH');
INSERT INTO siec_hoteli.dbo.miasta(nazwa_miasta, id_panstwa)
VALUES ('Szanghaj', 'CH');
INSERT INTO siec_hoteli.dbo.miasta(nazwa_miasta, id_panstwa)
VALUES ('Mumbaj', 'IN');
INSERT INTO siec_hoteli.dbo.miasta(nazwa_miasta, id_panstwa)
VALUES ('Delhi', 'IN');
INSERT INTO siec_hoteli.dbo.miasta(nazwa_miasta, id_panstwa)
VALUES ('Sydney', 'AU');
INSERT INTO siec_hoteli.dbo.miasta(nazwa_miasta, id_panstwa)
VALUES ('Canberra', 'AU');
INSERT INTO siec_hoteli.dbo.miasta(nazwa_miasta, id_panstwa)
VALUES ('Adelaide', 'AU');
INSERT INTO siec_hoteli.dbo.miasta(nazwa_miasta, id_panstwa)
VALUES ('Londyn', 'UK');
INSERT INTO siec_hoteli.dbo.miasta(nazwa_miasta, id_panstwa)
VALUES ('Glasgow', 'UK');
INSERT INTO siec_hoteli.dbo.miasta(nazwa_miasta, id_panstwa)
VALUES ('Manchester', 'UK');
INSERT INTO siec_hoteli.dbo.miasta(nazwa_miasta, id_panstwa)
VALUES ('Edynburg', 'UK');
INSERT INTO siec_hoteli.dbo.miasta(nazwa_miasta, id_panstwa)
VALUES ('Paryz', 'FR');
INSERT INTO siec_hoteli.dbo.miasta(nazwa_miasta, id_panstwa)
VALUES ('Marsylia', 'FR');
INSERT INTO siec_hoteli.dbo.miasta(nazwa_miasta, id_panstwa)
VALUES ('Rennes', 'FR');
INSERT INTO siec_hoteli.dbo.miasta(nazwa_miasta, id_panstwa)
VALUES ('Berlin', 'DE');
INSERT INTO siec_hoteli.dbo.miasta(nazwa_miasta, id_panstwa)
VALUES ('Hamburg', 'DE');
INSERT INTO siec_hoteli.dbo.miasta(nazwa_miasta, id_panstwa)
VALUES ('Monachium', 'DE');
INSERT INTO siec_hoteli.dbo.miasta(nazwa_miasta, id_panstwa)
VALUES ('Drezno', 'DE');
INSERT INTO siec_hoteli.dbo.miasta(nazwa_miasta, id_panstwa)
VALUES ('Kair', 'EG');
INSERT INTO siec_hoteli.dbo.miasta(nazwa_miasta, id_panstwa)
VALUES ('Warszawa', 'PL');
INSERT INTO siec_hoteli.dbo.miasta(nazwa_miasta, id_panstwa)
VALUES ('Krakow', 'PL');
INSERT INTO siec_hoteli.dbo.miasta(nazwa_miasta, id_panstwa)
VALUES ('Wroclaw', 'PL');
INSERT INTO siec_hoteli.dbo.miasta(nazwa_miasta, id_panstwa)
VALUES ('Lodz', 'PL');
INSERT INTO siec_hoteli.dbo.miasta(nazwa_miasta, id_panstwa)
VALUES ('Rio de Janeiro', 'BR');
INSERT INTO siec_hoteli.dbo.miasta(nazwa_miasta, id_panstwa)
VALUES ('Salvador', 'BR');
INSERT INTO siec_hoteli.dbo.miasta(nazwa_miasta, id_panstwa)
VALUES ('Meksyk', 'MX');
INSERT INTO siec_hoteli.dbo.miasta(nazwa_miasta, id_panstwa)
VALUES ('Kopenhaga', 'DK');
INSERT INTO siec_hoteli.dbo.miasta(nazwa_miasta, id_panstwa)
VALUES ('Buenos Aires', 'AG');
INSERT INTO siec_hoteli.dbo.miasta(nazwa_miasta, id_panstwa)
VALUES ('Bruksela', 'BE');
INSERT INTO siec_hoteli.dbo.miasta(nazwa_miasta, id_panstwa)
VALUES ('Brugia', 'BE');
INSERT INTO siec_hoteli.dbo.miasta(nazwa_miasta, id_panstwa)
VALUES ('Wilno', 'LT');
INSERT INTO siec_hoteli.dbo.miasta(nazwa_miasta, id_panstwa)
VALUES ('Szawle', 'LT');
GO

INSERT INTO siec_hoteli.dbo.hotele(nazwa_hotelu, adres_hotelu, cena_bazowa_za_pokoj, cena_za_polaczenie_telefoniczne,
                                   id_miasta)
VALUES ('Hotel Hiberia', 'Via XXIV Maggio 7, 00187', 136, 1.25, 10);
INSERT INTO siec_hoteli.dbo.hotele(nazwa_hotelu, adres_hotelu, cena_bazowa_za_pokoj, cena_za_polaczenie_telefoniczne,
                                   id_miasta)
VALUES ('Hotel Varese', 'Via Varese 26, 00185', 220, 2.10, 10);
INSERT INTO siec_hoteli.dbo.hotele(nazwa_hotelu, adres_hotelu, cena_bazowa_za_pokoj, cena_za_polaczenie_telefoniczne,
                                   id_miasta)
VALUES ('Hotel Bauer Palazzo', 'Calle del Pistor, Dorsoduro 995', 304, 2.50, 12);
INSERT INTO siec_hoteli.dbo.hotele(nazwa_hotelu, adres_hotelu, cena_bazowa_za_pokoj, cena_za_polaczenie_telefoniczne,
                                   id_miasta)
VALUES ('Hotel Inn', 'Wall Street - Financial District', 280, 2.20, 22);
INSERT INTO siec_hoteli.dbo.hotele(nazwa_hotelu, adres_hotelu, cena_bazowa_za_pokoj, cena_za_polaczenie_telefoniczne,
                                   id_miasta)
VALUES ('HI NYC Hostel', 'Upper West Side 5', 120, 1.00, 22);
INSERT INTO siec_hoteli.dbo.hotele(nazwa_hotelu, adres_hotelu, cena_bazowa_za_pokoj, cena_za_polaczenie_telefoniczne,
                                   id_miasta)
VALUES ('La Quinta by Wyndham LAX', 'West Century Boulevard CA 90045', 316, 2.35, 24);
INSERT INTO siec_hoteli.dbo.hotele(nazwa_hotelu, adres_hotelu, cena_bazowa_za_pokoj, cena_za_polaczenie_telefoniczne,
                                   id_miasta)
VALUES ('Wrigley Hostel', 'North Sheffield Avenue, Lakeview IL 60657', 88, 0.80, 26);
INSERT INTO siec_hoteli.dbo.hotele(nazwa_hotelu, adres_hotelu, cena_bazowa_za_pokoj, cena_za_polaczenie_telefoniczne,
                                   id_miasta)
VALUES ('Wicker Park Houstel', 'North Ashland Avenue, Wicker Park 60622', 132, 1.20, 26);
INSERT INTO siec_hoteli.dbo.hotele(nazwa_hotelu, adres_hotelu, cena_bazowa_za_pokoj, cena_za_polaczenie_telefoniczne,
                                   id_miasta)
VALUES ('Days Inn by Wyndham Philadelphia', 'Race Street 1227 PA 19107', 308, 2.40, 28);
INSERT INTO siec_hoteli.dbo.hotele(nazwa_hotelu, adres_hotelu, cena_bazowa_za_pokoj, cena_za_polaczenie_telefoniczne,
                                   id_miasta)
VALUES ('Sofitel Philadelphia at Rittenhouse Square', '17th Street PA 19103', 492, 3.75, 28);
INSERT INTO siec_hoteli.dbo.hotele(nazwa_hotelu, adres_hotelu, cena_bazowa_za_pokoj, cena_za_polaczenie_telefoniczne,
                                   id_miasta)
VALUES ('The Novotel Toronto Centre', 'The Esplanade M5E 1W2', 388, 4.05, 30);
INSERT INTO siec_hoteli.dbo.hotele(nazwa_hotelu, adres_hotelu, cena_bazowa_za_pokoj, cena_za_polaczenie_telefoniczne,
                                   id_miasta)
VALUES ('Hampton Inn by Hilton Toronto', 'Eglinton Aveneu West M9C 5K5', 232, 1.70, 30);
INSERT INTO siec_hoteli.dbo.hotele(nazwa_hotelu, adres_hotelu, cena_bazowa_za_pokoj, cena_za_polaczenie_telefoniczne,
                                   id_miasta)
VALUES ('Tian Xin Ya Yuan Apartment', 'No 18. Zhujiang Lvzhou Residence, Jianguo Road', 92, 0.50, 34);
INSERT INTO siec_hoteli.dbo.hotele(nazwa_hotelu, adres_hotelu, cena_bazowa_za_pokoj, cena_za_polaczenie_telefoniczne,
                                   id_miasta)
VALUES ('GreenTree Inn Beijing Chaoyang Shilihe Antique City Express Hotel',
        'No. 8 Jiaju Avemue, Jiancaicheng, Shilihe, Chaoyang District', 116, 1.15, 34);
INSERT INTO siec_hoteli.dbo.hotele(nazwa_hotelu, adres_hotelu, cena_bazowa_za_pokoj, cena_za_polaczenie_telefoniczne,
                                   id_miasta)
VALUES ('ITC Maratha Mumbai Airport', 'Project Road, Sahar, Andheri 400099', 196, 1.85, 38);
INSERT INTO siec_hoteli.dbo.hotele(nazwa_hotelu, adres_hotelu, cena_bazowa_za_pokoj, cena_za_polaczenie_telefoniczne,
                                   id_miasta)
VALUES ('Oaks Dydney Goldsbrough Suites', '243 Pyrmont Street, 2009', 292, 2.00, 42);
INSERT INTO siec_hoteli.dbo.hotele(nazwa_hotelu, adres_hotelu, cena_bazowa_za_pokoj, cena_za_polaczenie_telefoniczne,
                                   id_miasta)
VALUES ('Sydney Hotel QVB', '143 York Street, 2000', 228, 1.50, 42);
INSERT INTO siec_hoteli.dbo.hotele(nazwa_hotelu, adres_hotelu, cena_bazowa_za_pokoj, cena_za_polaczenie_telefoniczne,
                                   id_miasta)
VALUES ('Fitzrovia Hotel', '20-28 Bolsover Street W1W 5NB', 316, 2.35, 48);
INSERT INTO siec_hoteli.dbo.hotele(nazwa_hotelu, adres_hotelu, cena_bazowa_za_pokoj, cena_za_polaczenie_telefoniczne,
                                   id_miasta)
VALUES ('Docklands Rooms', 'Glengarnock Ave Greater, Tower Hamlets, E14 3BP', 56, 0.10, 48);
INSERT INTO siec_hoteli.dbo.hotele(nazwa_hotelu, adres_hotelu, cena_bazowa_za_pokoj, cena_za_polaczenie_telefoniczne,
                                   id_miasta)
VALUES ('Lamington Heights', '501 Lamington Heights, E14', 100, 1.05, 48);
INSERT INTO siec_hoteli.dbo.hotele(nazwa_hotelu, adres_hotelu, cena_bazowa_za_pokoj, cena_za_polaczenie_telefoniczne,
                                   id_miasta)
VALUES ('Trellis Square - Deluxe Guest Room', '2DR Trellis Square bow, E3', 100, 0.80, 48);
INSERT INTO siec_hoteli.dbo.hotele(nazwa_hotelu, adres_hotelu, cena_bazowa_za_pokoj, cena_za_polaczenie_telefoniczne,
                                   id_miasta)
VALUES ('Jurys Inn Glasgow', '60-96 Jamaica Street, G1 4QG', 196, 1.50, 50);
INSERT INTO siec_hoteli.dbo.hotele(nazwa_hotelu, adres_hotelu, cena_bazowa_za_pokoj, cena_za_polaczenie_telefoniczne,
                                   id_miasta)
VALUES ('ibis Manchester Centre Princess Street', 'Charles Street, M1 7DG', 152, 1.50, 52);
INSERT INTO siec_hoteli.dbo.hotele(nazwa_hotelu, adres_hotelu, cena_bazowa_za_pokoj, cena_za_polaczenie_telefoniczne,
                                   id_miasta)
VALUES ('Hotel Jenner', '10 Rue Jenner, 13. dzielnica 75013', 308, 2.80, 56);
INSERT INTO siec_hoteli.dbo.hotele(nazwa_hotelu, adres_hotelu, cena_bazowa_za_pokoj, cena_za_polaczenie_telefoniczne,
                                   id_miasta)
VALUES ('Hotel OHM by Happyculture', '11 rue Claude Terrasse, 16. dzielnica, 75016', 268, 2.35, 56);
INSERT INTO siec_hoteli.dbo.hotele(nazwa_hotelu, adres_hotelu, cena_bazowa_za_pokoj, cena_za_polaczenie_telefoniczne,
                                   id_miasta)
VALUES ('Residence du Pre', 'Rue Pierre Semard 15, 9. dzielnica, 75009', 224, 1.55, 56);
INSERT INTO siec_hoteli.dbo.hotele(nazwa_hotelu, adres_hotelu, cena_bazowa_za_pokoj, cena_za_polaczenie_telefoniczne,
                                   id_miasta)
VALUES ('Golden Tulip Mareille Euromed', '6, Place Henri Verneuil, 13002', 388, 4.00, 58);
INSERT INTO siec_hoteli.dbo.hotele(nazwa_hotelu, adres_hotelu, cena_bazowa_za_pokoj, cena_za_polaczenie_telefoniczne,
                                   id_miasta)
VALUES ('Mezzanine en centre ville!', '15 Square de la Rance, 35000', 160, 0.90, 60);
INSERT INTO siec_hoteli.dbo.hotele(nazwa_hotelu, adres_hotelu, cena_bazowa_za_pokoj, cena_za_polaczenie_telefoniczne,
                                   id_miasta)
VALUES ('Aparthotel Adagio Access Rennes Centre', '35 Rue d"Antrain, 35700', 208, 1.30, 60);
INSERT INTO siec_hoteli.dbo.hotele(nazwa_hotelu, adres_hotelu, cena_bazowa_za_pokoj, cena_za_polaczenie_telefoniczne,
                                   id_miasta)
VALUES ('H10 Berlin Ku"damm', 'Joachimsthaler Str. 31-32, Charlottenburg-Wilmersdorf, 10719', 268, 1.00, 62);
INSERT INTO siec_hoteli.dbo.hotele(nazwa_hotelu, adres_hotelu, cena_bazowa_za_pokoj, cena_za_polaczenie_telefoniczne,
                                   id_miasta)
VALUES ('Generator Berlin Mitte', 'Oranienburger Strasse 65, Mitte, 10117', 48, 0.10, 62);
INSERT INTO siec_hoteli.dbo.hotele(nazwa_hotelu, adres_hotelu, cena_bazowa_za_pokoj, cena_za_polaczenie_telefoniczne,
                                   id_miasta)
VALUES ('Zimmervermietung Berlin Mertens', 'Mertensstrasse 9, Spandau, 13587', 104, 0.50, 62);
INSERT INTO siec_hoteli.dbo.hotele(nazwa_hotelu, adres_hotelu, cena_bazowa_za_pokoj, cena_za_polaczenie_telefoniczne,
                                   id_miasta)
VALUES ('IntercityHotel Hamburg Hauptbahnhof', 'Glockengiesserwall 14/15, 20095', 316, 1.65, 64);
INSERT INTO siec_hoteli.dbo.hotele(nazwa_hotelu, adres_hotelu, cena_bazowa_za_pokoj, cena_za_polaczenie_telefoniczne,
                                   id_miasta)
VALUES ('Holiday Inn - Hamburg - Berliner Tor', 'Wikingerweg 2, 20537', 264, 2.00, 64);
INSERT INTO siec_hoteli.dbo.hotele(nazwa_hotelu, adres_hotelu, cena_bazowa_za_pokoj, cena_za_polaczenie_telefoniczne,
                                   id_miasta)
VALUES ('Hotel Condor', 'Zweigstr 6, Ludwigvorstadt, 80336', 152, 1.20, 66);
INSERT INTO siec_hoteli.dbo.hotele(nazwa_hotelu, adres_hotelu, cena_bazowa_za_pokoj, cena_za_polaczenie_telefoniczne,
                                   id_miasta)
VALUES ('Maritim Hotel Muenchen', 'Goethestr. 7, Ludwigvorstadt, 80336', 304, 2.15, 66);
INSERT INTO siec_hoteli.dbo.hotele(nazwa_hotelu, adres_hotelu, cena_bazowa_za_pokoj, cena_za_polaczenie_telefoniczne,
                                   id_miasta)
VALUES ('Leonardo Hotel Muenchen City Center', 'Senefelderstr. 4, Ludwigvorstadt, 80336', 276, 1.20, 66);
INSERT INTO siec_hoteli.dbo.hotele(nazwa_hotelu, adres_hotelu, cena_bazowa_za_pokoj, cena_za_polaczenie_telefoniczne,
                                   id_miasta)
VALUES ('Arthotel Munich', 'Paul-Heyse-Str. 10, Ludwigvorstadt, 80336', 200, 2.00, 66);
INSERT INTO siec_hoteli.dbo.hotele(nazwa_hotelu, adres_hotelu, cena_bazowa_za_pokoj, cena_za_polaczenie_telefoniczne,
                                   id_miasta)
VALUES ('Hitol Dresden', 'An der Frauenkirche 5, 01067', 344, 2.45, 68);
INSERT INTO siec_hoteli.dbo.hotele(nazwa_hotelu, adres_hotelu, cena_bazowa_za_pokoj, cena_za_polaczenie_telefoniczne,
                                   id_miasta)
VALUES ('Novotel Warszawa Centrum', 'Marszalkowska 94/98, Srodmiescie, 00-510', 220, 1.85, 72);
INSERT INTO siec_hoteli.dbo.hotele(nazwa_hotelu, adres_hotelu, cena_bazowa_za_pokoj, cena_za_polaczenie_telefoniczne,
                                   id_miasta)
VALUES ('Hampton By Hilton Warsaw Mokotow', 'ul. Postepu 7, Mokotow, 02-676', 184, 1.55, 72);
INSERT INTO siec_hoteli.dbo.hotele(nazwa_hotelu, adres_hotelu, cena_bazowa_za_pokoj, cena_za_polaczenie_telefoniczne,
                                   id_miasta)
VALUES ('Hotel Perfekt', 'Kupa 7, Stare Miasto, 31-057', 136, 1.00, 74);
INSERT INTO siec_hoteli.dbo.hotele(nazwa_hotelu, adres_hotelu, cena_bazowa_za_pokoj, cena_za_polaczenie_telefoniczne,
                                   id_miasta)
VALUES ('Best Western Premier Hotel City Center', 'Gwarna Street 12, Stare Miasto 50-001', 196, 1.75, 76);
INSERT INTO siec_hoteli.dbo.hotele(nazwa_hotelu, adres_hotelu, cena_bazowa_za_pokoj, cena_za_polaczenie_telefoniczne,
                                   id_miasta)
VALUES ('Rezydencja na Wzgorzu', 'ul. Wazow 30/32, 93-435', 136, 0.10, 78);
INSERT INTO siec_hoteli.dbo.hotele(nazwa_hotelu, adres_hotelu, cena_bazowa_za_pokoj, cena_za_polaczenie_telefoniczne,
                                   id_miasta)
VALUES ('Hotel Tobaco Lodz', 'Kopernika 64, 90-553', 152, 0.60, 78);
INSERT INTO siec_hoteli.dbo.hotele(nazwa_hotelu, adres_hotelu, cena_bazowa_za_pokoj, cena_za_polaczenie_telefoniczne,
                                   id_miasta)
VALUES ('OYO Hotel Vital', 'Rua Sacadura Cabral 107', 56, 0.05, 80);
INSERT INTO siec_hoteli.dbo.hotele(nazwa_hotelu, adres_hotelu, cena_bazowa_za_pokoj, cena_za_polaczenie_telefoniczne,
                                   id_miasta)
VALUES ('Pestana Rio Atlantica', 'Avenida Atlantica, 2964, Copacabana, CEP 22070-000', 292, 1.60, 80);
INSERT INTO siec_hoteli.dbo.hotele(nazwa_hotelu, adres_hotelu, cena_bazowa_za_pokoj, cena_za_polaczenie_telefoniczne,
                                   id_miasta)
VALUES ('Maxhotel', 'Bd. Adolphe Max 107, 1000', 196, 1.99, 90);
GO

INSERT INTO siec_hoteli.dbo.pracownicy(imie_pracownika, nazwisko_pracownika, email_pracownika,
                                       numer_telefonu_pracownika, data_urodzenia, pensja, premia, poczatek_pracy,
                                       id_hotelu)
VALUES ('Steven', 'King', 'king@onet.us', '500498112', CAST('15-JAN-1968' AS DATETIME), 2400, NULL,
        CAST('25-MAR-2002' AS DATETIME), 100);
GO
INSERT INTO siec_hoteli.dbo.pracownicy(imie_pracownika, nazwisko_pracownika, email_pracownika,
                                       numer_telefonu_pracownika, data_urodzenia, pensja, premia, poczatek_pracy,
                                       id_hotelu)

VALUES ('Neena', 'Kochhar', 'kochhar1342@wp.pl', '210198662', CAST('02-MAR-1978' AS DATETIME), 2850, NULL,
        CAST('20-FEB-1991' AS DATETIME), 100);
GO
INSERT INTO siec_hoteli.dbo.pracownicy(imie_pracownika, nazwisko_pracownika, email_pracownika,
                                       numer_telefonu_pracownika, data_urodzenia, pensja, premia, poczatek_pracy,
                                       id_hotelu)
VALUES ('Lex', 'De Haan', 'lexDeHaanCute@expres.lt', '987544331', CAST('18-SEP-1979' AS DATETIME), 2500, NULL,
        CAST('24-MAR-1998' AS DATETIME), 101);
GO
INSERT INTO siec_hoteli.dbo.pracownicy(imie_pracownika, nazwisko_pracownika, email_pracownika,
                                       numer_telefonu_pracownika, data_urodzenia, pensja, premia, poczatek_pracy,
                                       id_hotelu)
VALUES ('Alexander', 'Hunold', 'axhunold@expres.fr', '882304607', CAST('01-DEC-1990' AS DATETIME), 3900, NULL,
        CAST('17-AUG-2010' AS DATETIME), 101);
INSERT INTO siec_hoteli.dbo.pracownicy(imie_pracownika, nazwisko_pracownika, email_pracownika,
                                       numer_telefonu_pracownika, data_urodzenia, pensja, premia, poczatek_pracy,
                                       id_hotelu)
VALUES ('Bruce', 'Ernst', 'brucebruce@etlit.eu', '603604203', CAST('15-MAR-1998' AS DATETIME), 6000, .3,
        CAST('10-JUN-2004' AS DATETIME), 101);
INSERT INTO siec_hoteli.dbo.pracownicy(imie_pracownika, nazwisko_pracownika, email_pracownika,
                                       numer_telefonu_pracownika, data_urodzenia, pensja, premia, poczatek_pracy,
                                       id_hotelu)
VALUES ('David', 'Austin', 'davidAustinMy@onet.us', '111222828', CAST('04-JUL-1999' AS DATETIME), 4800, NULL,
        CAST('24-MAR-2019' AS DATETIME), 102);
INSERT INTO siec_hoteli.dbo.pracownicy(imie_pracownika, nazwisko_pracownika, email_pracownika,
                                       numer_telefonu_pracownika, data_urodzenia, pensja, premia, poczatek_pracy,
                                       id_hotelu)
VALUES ('Valli', 'Pataballa', 'vallipataballa@lavieu.it', '102920876', CAST('05-SEP-1976' AS DATETIME), 4800, NULL,
        CAST('14-APR-2000' AS DATETIME), 102);
INSERT INTO siec_hoteli.dbo.pracownicy(imie_pracownika, nazwisko_pracownika, email_pracownika,
                                       numer_telefonu_pracownika, data_urodzenia, pensja, premia, poczatek_pracy,
                                       id_hotelu)
VALUES ('Diana', 'Lorentz', 'dianadiana@lavieu.it', '772338222', CAST('11-APR-1984' AS DATETIME), 4200, NULL,
        CAST('10-OCT-2005' AS DATETIME), 102);
INSERT INTO siec_hoteli.dbo.pracownicy(imie_pracownika, nazwisko_pracownika, email_pracownika,
                                       numer_telefonu_pracownika, data_urodzenia, pensja, premia, poczatek_pracy,
                                       id_hotelu)
VALUES ('Nancy', 'Greenberg', 'nNgreenberg@lavieu.it', '907263111', CAST('27-JUN-1979' AS DATETIME), 1900, NULL,
        CAST('22-SEP-2009' AS DATETIME), 102);
INSERT INTO siec_hoteli.dbo.pracownicy(imie_pracownika, nazwisko_pracownika, email_pracownika,
                                       numer_telefonu_pracownika, data_urodzenia, pensja, premia, poczatek_pracy,
                                       id_hotelu)
VALUES ('Daniel', 'Faviet', 'danielFaviet@usausa.us', '605605444', CAST('23-APR-1982' AS DATETIME), 3800, NULL,
        CAST('03-DEC-2012' AS DATETIME), 104);
INSERT INTO siec_hoteli.dbo.pracownicy(imie_pracownika, nazwisko_pracownika, email_pracownika,
                                       numer_telefonu_pracownika, data_urodzenia, pensja, premia, poczatek_pracy,
                                       id_hotelu)
VALUES ('John', 'Chen', 'johndchen@usausa.us', '747474102', CAST('20-MAR-1996' AS DATETIME), 5100, .3,
        CAST('22-NOV-2018' AS DATETIME), 105);
INSERT INTO siec_hoteli.dbo.pracownicy(imie_pracownika, nazwisko_pracownika, email_pracownika,
                                       numer_telefonu_pracownika, data_urodzenia, pensja, premia, poczatek_pracy,
                                       id_hotelu)
VALUES ('Ismael', 'Sciarra', 'isciarra1404@usausa.us', '308929002', CAST('05-OCT-1977' AS DATETIME), 2200, NULL,
        CAST('17-MAR-2001' AS DATETIME), 105);
INSERT INTO siec_hoteli.dbo.pracownicy(imie_pracownika, nazwisko_pracownika, email_pracownika,
                                       numer_telefonu_pracownika, data_urodzenia, pensja, premia, poczatek_pracy,
                                       id_hotelu)
VALUES ('Jose Manuel', 'Urman', 'jmanuelurman@usausa.us', '903903903', CAST('19-FEB-1972' AS DATETIME), 3120, NULL,
        CAST('12-MAR-1990' AS DATETIME), 105);
INSERT INTO siec_hoteli.dbo.pracownicy(imie_pracownika, nazwisko_pracownika, email_pracownika,
                                       numer_telefonu_pracownika, data_urodzenia, pensja, premia, poczatek_pracy,
                                       id_hotelu)
VALUES ('Luis', 'Popp', 'luispopp2@usausa.us', '534872610', CAST('29-OCT-1987' AS DATETIME), 4050, NULL,
        CAST('19-APR-2010' AS DATETIME), 105);
INSERT INTO siec_hoteli.dbo.pracownicy(imie_pracownika, nazwisko_pracownika, email_pracownika,
                                       numer_telefonu_pracownika, data_urodzenia, pensja, premia, poczatek_pracy,
                                       id_hotelu)
VALUES ('Den', 'Raphaely', 'denraphaely@onet.eu', '679630621', CAST('11-JAN-1978' AS DATETIME), 3000, NULL,
        CAST('12-MAR-2014' AS DATETIME), 106);
INSERT INTO siec_hoteli.dbo.pracownicy(imie_pracownika, nazwisko_pracownika, email_pracownika,
                                       numer_telefonu_pracownika, data_urodzenia, pensja, premia, poczatek_pracy,
                                       id_hotelu)
VALUES ('Alexander', 'Khoo', 'alexanderkhoo@onet.eu', '330220110', CAST('11-FEB-1978' AS DATETIME), 2190, NULL,
        CAST('11-APR-2008' AS DATETIME), 106);
INSERT INTO siec_hoteli.dbo.pracownicy(imie_pracownika, nazwisko_pracownika, email_pracownika,
                                       numer_telefonu_pracownika, data_urodzenia, pensja, premia, poczatek_pracy,
                                       id_hotelu)
VALUES ('Shelli', 'Baida', 'shellibaida@wicker.pl', '515231729', CAST('19-FEB-1979' AS DATETIME), 2900, NULL,
        CAST('19-FEB-2008' AS DATETIME), 107);
INSERT INTO siec_hoteli.dbo.pracownicy(imie_pracownika, nazwisko_pracownika, email_pracownika,
                                       numer_telefonu_pracownika, data_urodzenia, pensja, premia, poczatek_pracy,
                                       id_hotelu)
VALUES ('Sigal', 'Tobias', 'sigaltobias@wicker.pl', '929000188', CAST('20-AUG-1971' AS DATETIME), 2800, NULL,
        CAST('19-JUN-2004' AS DATETIME), 107);
INSERT INTO siec_hoteli.dbo.pracownicy(imie_pracownika, nazwisko_pracownika, email_pracownika,
                                       numer_telefonu_pracownika, data_urodzenia, pensja, premia, poczatek_pracy,
                                       id_hotelu)
VALUES ('Guy', 'Himuro', 'guyhimuro30@pflis.ang', '660320473', CAST('06-SEP-1966' AS DATETIME), 2600, NULL,
        CAST('11-AUG-2002' AS DATETIME), 108);
INSERT INTO siec_hoteli.dbo.pracownicy(imie_pracownika, nazwisko_pracownika, email_pracownika,
                                       numer_telefonu_pracownika, data_urodzenia, pensja, premia, poczatek_pracy,
                                       id_hotelu)
VALUES ('Karen', 'Colmenares', 'karencolmenares@pflis.ang', '505221923', CAST('19-AUG-1970' AS DATETIME), 3650, NULL,
        CAST('01-JUN-2004' AS DATETIME), 108);
INSERT INTO siec_hoteli.dbo.pracownicy(imie_pracownika, nazwisko_pracownika, email_pracownika,
                                       numer_telefonu_pracownika, data_urodzenia, pensja, premia, poczatek_pracy,
                                       id_hotelu)
VALUES ('Matthew', 'Weiss', 'matthewweiss@pflis.ang', '509509509', CAST('06-SEP-1966' AS DATETIME), 6000, NULL,
        CAST('06-SEP-1998' AS DATETIME), 108);
INSERT INTO siec_hoteli.dbo.pracownicy(imie_pracownika, nazwisko_pracownika, email_pracownika,
                                       numer_telefonu_pracownika, data_urodzenia, pensja, premia, poczatek_pracy,
                                       id_hotelu)
VALUES ('Adam', 'Fripp', 'adamfripp@deuche.de', '660225919', CAST('06-SEP-1966' AS DATETIME), 4800, .3,
        CAST('06-SEP-1999' AS DATETIME), 109);
INSERT INTO siec_hoteli.dbo.pracownicy(imie_pracownika, nazwisko_pracownika, email_pracownika,
                                       numer_telefonu_pracownika, data_urodzenia, pensja, premia, poczatek_pracy,
                                       id_hotelu)
VALUES ('Payam', 'Kaufling', 'payamkaufling@deuche.de', '880234110', CAST('05-SEP-1966' AS DATETIME), 3200, NULL,
        CAST('07-JUN-1999' AS DATETIME), 109);
INSERT INTO siec_hoteli.dbo.pracownicy(imie_pracownika, nazwisko_pracownika, email_pracownika,
                                       numer_telefonu_pracownika, data_urodzenia, pensja, premia, poczatek_pracy,
                                       id_hotelu)
VALUES ('Shanta', 'Vollman', 'shantavollman@deuche.de', '600700430', CAST('05-APR-1970' AS DATETIME), 4200, .1,
        CAST('15-SEP-2002' AS DATETIME), 109);
INSERT INTO siec_hoteli.dbo.pracownicy(imie_pracownika, nazwisko_pracownika, email_pracownika,
                                       numer_telefonu_pracownika, data_urodzenia, pensja, premia, poczatek_pracy,
                                       id_hotelu)
VALUES ('Kevin', 'Mourgos', 'kevinmourgos@deuche.de', '340901921', CAST('12-SEP-1976' AS DATETIME), 1900, NULL,
        CAST('11-FEB-2000' AS DATETIME), 109);
INSERT INTO siec_hoteli.dbo.pracownicy(imie_pracownika, nazwisko_pracownika, email_pracownika,
                                       numer_telefonu_pracownika, data_urodzenia, pensja, premia, poczatek_pracy,
                                       id_hotelu)
VALUES ('Julia', 'Nayer', 'julianayer@deuche.de', '500555500', CAST('28-JAN-1969' AS DATETIME), 2750, NULL,
        CAST('11-FEB-2003' AS DATETIME), 109);
INSERT INTO siec_hoteli.dbo.pracownicy(imie_pracownika, nazwisko_pracownika, email_pracownika,
                                       numer_telefonu_pracownika, data_urodzenia, pensja, premia, poczatek_pracy,
                                       id_hotelu)
VALUES ('Irene', 'Mikkilineni', 'irmikkilineni@deuche.de', '112456788', CAST('17-APR-1977' AS DATETIME), 3000, NULL,
        CAST('07-MAR-2004' AS DATETIME), 109);
INSERT INTO siec_hoteli.dbo.pracownicy(imie_pracownika, nazwisko_pracownika, email_pracownika,
                                       numer_telefonu_pracownika, data_urodzenia, pensja, premia, poczatek_pracy,
                                       id_hotelu)
VALUES ('James', 'Landry', 'jameslandry@deuche.de', '232000211', CAST('02-NOV-1967' AS DATETIME), 1900, NULL,
        CAST('19-DEC-1999' AS DATETIME), 109);
INSERT INTO siec_hoteli.dbo.pracownicy(imie_pracownika, nazwisko_pracownika, email_pracownika,
                                       numer_telefonu_pracownika, data_urodzenia, pensja, premia, poczatek_pracy,
                                       id_hotelu)
VALUES ('Steven', 'Markle', 'stevenmarkle@xchx.pl', '343000291', CAST('15-AUG-1977' AS DATETIME), 2300, NULL,
        CAST('10-NOV-1998' AS DATETIME), 111);
INSERT INTO siec_hoteli.dbo.pracownicy(imie_pracownika, nazwisko_pracownika, email_pracownika,
                                       numer_telefonu_pracownika, data_urodzenia, pensja, premia, poczatek_pracy,
                                       id_hotelu)
VALUES ('Laura', 'Bissot', 'laurabissot@xchx.pl', '212980000', CAST('10-JUN-1975' AS DATETIME), 2900, NULL,
        CAST('11-FEB-1978' AS DATETIME), 111);
INSERT INTO siec_hoteli.dbo.pracownicy(imie_pracownika, nazwisko_pracownika, email_pracownika,
                                       numer_telefonu_pracownika, data_urodzenia, pensja, premia, poczatek_pracy,
                                       id_hotelu)
VALUES ('Mozhe', 'Atkinson', 'mozheatkinson@xchx.pl', '111222313', CAST('08-FEB-1980' AS DATETIME), 3450, NULL,
        CAST('05-AUG-2001' AS DATETIME), 111);
INSERT INTO siec_hoteli.dbo.pracownicy(imie_pracownika, nazwisko_pracownika, email_pracownika,
                                       numer_telefonu_pracownika, data_urodzenia, pensja, premia, poczatek_pracy,
                                       id_hotelu)
VALUES ('James', 'Marlow', 'jamesmarlow@edu.com', '309409228', CAST('01-SEP-1965' AS DATETIME), 2000, NULL,
        CAST('21-FEB-1987' AS DATETIME), 112);
INSERT INTO siec_hoteli.dbo.pracownicy(imie_pracownika, nazwisko_pracownika, email_pracownika,
                                       numer_telefonu_pracownika, data_urodzenia, pensja, premia, poczatek_pracy,
                                       id_hotelu)
VALUES ('TJ', 'Olson', 'tjolson@edu.po', '797777363', CAST('11-NOV-1968' AS DATETIME), 2100, NULL,
        CAST('15-FEB-1998' AS DATETIME), 113);
INSERT INTO siec_hoteli.dbo.pracownicy(imie_pracownika, nazwisko_pracownika, email_pracownika,
                                       numer_telefonu_pracownika, data_urodzenia, pensja, premia, poczatek_pracy,
                                       id_hotelu)
VALUES ('Jason', 'Mallin', 'jasonMallin@edu.po', '909282333', CAST('18-JAN-1989' AS DATETIME), 3300, .1,
        CAST('16-SEP-2014' AS DATETIME), 113);
INSERT INTO siec_hoteli.dbo.pracownicy(imie_pracownika, nazwisko_pracownika, email_pracownika,
                                       numer_telefonu_pracownika, data_urodzenia, pensja, premia, poczatek_pracy,
                                       id_hotelu)
VALUES ('Michael', 'Rogers', 'michaelRogers@edu.po', '662330001', CAST('17-MAR-1984' AS DATETIME), 1860, NULL,
        CAST('15-FEB-2012' AS DATETIME), 114);
INSERT INTO siec_hoteli.dbo.pracownicy(imie_pracownika, nazwisko_pracownika, email_pracownika,
                                       numer_telefonu_pracownika, data_urodzenia, pensja, premia, poczatek_pracy,
                                       id_hotelu)
VALUES ('Ki', 'Gee', 'kigee24@cos.ed', '843001000', CAST('24-DEC-1967' AS DATETIME), 2300, NULL,
        CAST('01-JAN-2005' AS DATETIME), 115);
INSERT INTO siec_hoteli.dbo.pracownicy(imie_pracownika, nazwisko_pracownika, email_pracownika,
                                       numer_telefonu_pracownika, data_urodzenia, pensja, premia, poczatek_pracy,
                                       id_hotelu)
VALUES ('Hazel', 'Philtanker', 'hazelphiltanker@cos.ed', '212980500', CAST('13-MAR-1966' AS DATETIME), 2100, NULL,
        CAST('14-JUL-2003' AS DATETIME), 115);
INSERT INTO siec_hoteli.dbo.pracownicy(imie_pracownika, nazwisko_pracownika, email_pracownika,
                                       numer_telefonu_pracownika, data_urodzenia, pensja, premia, poczatek_pracy,
                                       id_hotelu)
VALUES ('Renske', 'Ladwig', 'renskeladwig@cos.ed', '199222313', CAST('12-JUL-1955' AS DATETIME), 2100, NULL,
        CAST('13-JUL-1987' AS DATETIME), 115);
INSERT INTO siec_hoteli.dbo.pracownicy(imie_pracownika, nazwisko_pracownika, email_pracownika,
                                       numer_telefonu_pracownika, data_urodzenia, pensja, premia, poczatek_pracy,
                                       id_hotelu)
VALUES ('Stephen', 'Stiles', 'stephenstiles@cos.pl', '222131000', CAST('01-MAR-1986' AS DATETIME), 3200, NULL,
        CAST('27-OCT-2020' AS DATETIME), 116);
INSERT INTO siec_hoteli.dbo.pracownicy(imie_pracownika, nazwisko_pracownika, email_pracownika,
                                       numer_telefonu_pracownika, data_urodzenia, pensja, premia, poczatek_pracy,
                                       id_hotelu)
VALUES ('John', 'Seo', 'johnseo@cos.pl', '888444333', CAST('12-JUL-1999' AS DATETIME), 2700, NULL,
        CAST('27-OCT-2020' AS DATETIME), 116);
INSERT INTO siec_hoteli.dbo.pracownicy(imie_pracownika, nazwisko_pracownika, email_pracownika,
                                       numer_telefonu_pracownika, data_urodzenia, pensja, premia, poczatek_pracy,
                                       id_hotelu)
VALUES ('Joshua', 'Patel', 'joshuapatel@cos.pl', '100999100', CAST('12-JUL-1999' AS DATETIME), 2500, NULL,
        CAST('21-JUL-2018' AS DATETIME), 116);
INSERT INTO siec_hoteli.dbo.pracownicy(imie_pracownika, nazwisko_pracownika, email_pracownika,
                                       numer_telefonu_pracownika, data_urodzenia, pensja, premia, poczatek_pracy,
                                       id_hotelu)
VALUES ('Trenna', 'Rajs', 'trennarajsneu@view.eu', '202303404', CAST('21-JUL-1990' AS DATETIME), 4200, .4,
        CAST('21-SEP-2017' AS DATETIME), 117);
INSERT INTO siec_hoteli.dbo.pracownicy(imie_pracownika, nazwisko_pracownika, email_pracownika,
                                       numer_telefonu_pracownika, data_urodzenia, pensja, premia, poczatek_pracy,
                                       id_hotelu)
VALUES ('Curtis', 'Davies', 'curtisdavies@view.eu', '900000888', CAST('22-JAN-1989' AS DATETIME), 3100, NULL,
        CAST('21-SEP-2018' AS DATETIME), 117);
INSERT INTO siec_hoteli.dbo.pracownicy(imie_pracownika, nazwisko_pracownika, email_pracownika,
                                       numer_telefonu_pracownika, data_urodzenia, pensja, premia, poczatek_pracy,
                                       id_hotelu)
VALUES ('Julia', 'Szymanska', 'julaszym@gmail.com', '601874010', CAST('08-MAY-1999' AS DATETIME), 8600, NULL,
        CAST('08-MAY-2020' AS DATETIME), 117);
INSERT INTO siec_hoteli.dbo.pracownicy(imie_pracownika, nazwisko_pracownika, email_pracownika,
                                       numer_telefonu_pracownika, data_urodzenia, pensja, premia, poczatek_pracy,
                                       id_hotelu)
VALUES ('Peter', 'Vargas', 'peterpetervargas@view.eu', '800121222', CAST('12-MAR-1980' AS DATETIME), 2500, NULL,
        CAST('12-MAY-2019' AS DATETIME), 117);
INSERT INTO siec_hoteli.dbo.pracownicy(imie_pracownika, nazwisko_pracownika, email_pracownika,
                                       numer_telefonu_pracownika, data_urodzenia, pensja, premia, poczatek_pracy,
                                       id_hotelu)
VALUES ('Przemyslaw', 'Zdrzalik', 'zdrzalikprzemyslaw@gmail.com', '665071716', CAST('21-JUL-1999' AS DATETIME), 7500,
        .6, CAST('21-JUL-2020' AS DATETIME), 117);
INSERT INTO siec_hoteli.dbo.pracownicy(imie_pracownika, nazwisko_pracownika, email_pracownika,
                                       numer_telefonu_pracownika, data_urodzenia, pensja, premia, poczatek_pracy,
                                       id_hotelu)
VALUES ('Karen', 'Partners', 'karenpartners@cos.pl', '843001001', CAST('12-DEC-1990' AS DATETIME), 3500, NULL,
        CAST('21-JUL-2019' AS DATETIME), 119);
INSERT INTO siec_hoteli.dbo.pracownicy(imie_pracownika, nazwisko_pracownika, email_pracownika,
                                       numer_telefonu_pracownika, data_urodzenia, pensja, premia, poczatek_pracy,
                                       id_hotelu)
VALUES ('Alberto', 'Errazuriz', 'albertoerrazuriz@cos.pl', '212970500', CAST('12-DEC-1945' AS DATETIME), 6100, .4,
        CAST('18-FEB-1979' AS DATETIME), 119);
INSERT INTO siec_hoteli.dbo.pracownicy(imie_pracownika, nazwisko_pracownika, email_pracownika,
                                       numer_telefonu_pracownika, data_urodzenia, pensja, premia, poczatek_pracy,
                                       id_hotelu)
VALUES ('Gerald', 'Cambrault', 'geraldcambrault@cos.pl', '833001001', CAST('29-APR-1979' AS DATETIME), 3900, NULL,
        CAST('18-FEB-2020' AS DATETIME), 120);
INSERT INTO siec_hoteli.dbo.pracownicy(imie_pracownika, nazwisko_pracownika, email_pracownika,
                                       numer_telefonu_pracownika, data_urodzenia, pensja, premia, poczatek_pracy,
                                       id_hotelu)
VALUES ('Eleni', 'Zlotkey', 'eleniZlotkey@cos.pl', '212870500', CAST('28-SEP-1988' AS DATETIME), 5200, NULL,
        CAST('28-OCT-2013' AS DATETIME), 120);
INSERT INTO siec_hoteli.dbo.pracownicy(imie_pracownika, nazwisko_pracownika, email_pracownika,
                                       numer_telefonu_pracownika, data_urodzenia, pensja, premia, poczatek_pracy,
                                       id_hotelu)
VALUES ('Peter', 'Tucker', 'peterTucker@view.eu', '900021888', CAST('17-MAY-1974' AS DATETIME), 5500, NULL,
        CAST('28-OCT-2013' AS DATETIME), 121);
INSERT INTO siec_hoteli.dbo.pracownicy(imie_pracownika, nazwisko_pracownika, email_pracownika,
                                       numer_telefonu_pracownika, data_urodzenia, pensja, premia, poczatek_pracy,
                                       id_hotelu)
VALUES ('David', 'Bernstein', 'davidbernstein@view.eu', '322011424', CAST('08-MAY-1997' AS DATETIME), 2600, NULL,
        CAST('08-MAY-2018' AS DATETIME), 121);
INSERT INTO siec_hoteli.dbo.pracownicy(imie_pracownika, nazwisko_pracownika, email_pracownika,
                                       numer_telefonu_pracownika, data_urodzenia, pensja, premia, poczatek_pracy,
                                       id_hotelu)
VALUES ('Peter', 'Hall', 'peterhall@view.eu', '660121222', CAST('22-OCT-1969' AS DATETIME), 2800, NULL,
        CAST('08-MAY-1997' AS DATETIME), 121);
INSERT INTO siec_hoteli.dbo.pracownicy(imie_pracownika, nazwisko_pracownika, email_pracownika,
                                       numer_telefonu_pracownika, data_urodzenia, pensja, premia, poczatek_pracy,
                                       id_hotelu)
VALUES ('Christopher', 'Olsen', 'christopherolsen@view.eu', '202303111', CAST('11-JAN-1939' AS DATETIME), 4200, NULL,
        CAST('22-OCT-1969' AS DATETIME), 121);
INSERT INTO siec_hoteli.dbo.pracownicy(imie_pracownika, nazwisko_pracownika, email_pracownika,
                                       numer_telefonu_pracownika, data_urodzenia, pensja, premia, poczatek_pracy,
                                       id_hotelu)
VALUES ('Nanette', 'Cambrault', 'nanettecambrault@view.eu', '607407807', CAST('11-JAN-1939' AS DATETIME), 2200, NULL,
        CAST('21-JUL-1999' AS DATETIME), 122);
INSERT INTO siec_hoteli.dbo.pracownicy(imie_pracownika, nazwisko_pracownika, email_pracownika,
                                       numer_telefonu_pracownika, data_urodzenia, pensja, premia, poczatek_pracy,
                                       id_hotelu)
VALUES ('Oliver', 'Tuvault', 'olivertuvault@view.eu', '111111112', CAST('21-JUL-1999' AS DATETIME), 2800, NULL,
        CAST('22-JUN-2017' AS DATETIME), 126);
INSERT INTO siec_hoteli.dbo.pracownicy(imie_pracownika, nazwisko_pracownika, email_pracownika,
                                       numer_telefonu_pracownika, data_urodzenia, pensja, premia, poczatek_pracy,
                                       id_hotelu)
VALUES ('Janette', 'King', 'janetteking@view.eu', '222222221', CAST('08-MAY-1999' AS DATETIME), 3100, .15,
        CAST('16-NOV-2018' AS DATETIME), 126);
INSERT INTO siec_hoteli.dbo.pracownicy(imie_pracownika, nazwisko_pracownika, email_pracownika,
                                       numer_telefonu_pracownika, data_urodzenia, pensja, premia, poczatek_pracy,
                                       id_hotelu)
VALUES ('Patrick', 'Sully', 'patricksully@view.eu', '440444004', CAST('21-SEP-2008' AS DATETIME), 2600, NULL,
        CAST('27-APR-2020' AS DATETIME), 126);
INSERT INTO siec_hoteli.dbo.pracownicy(imie_pracownika, nazwisko_pracownika, email_pracownika,
                                       numer_telefonu_pracownika, data_urodzenia, pensja, premia, poczatek_pracy,
                                       id_hotelu)
VALUES ('Allan', 'McEwen', 'allanMcEwen@view.eu', '550005500', CAST('03-OCT-1975' AS DATETIME), 1900, NULL,
        CAST('27-APR-2020' AS DATETIME), 126);
INSERT INTO siec_hoteli.dbo.pracownicy(imie_pracownika, nazwisko_pracownika, email_pracownika,
                                       numer_telefonu_pracownika, data_urodzenia, pensja, premia, poczatek_pracy,
                                       id_hotelu)
VALUES ('Lindsey', 'Smith', 'lindsaysmith@view.eu', '202303201', CAST('01-JAN-1950' AS DATETIME), 6100, .45,
        CAST('31-JAN-1990' AS DATETIME), 126);
INSERT INTO siec_hoteli.dbo.pracownicy(imie_pracownika, nazwisko_pracownika, email_pracownika,
                                       numer_telefonu_pracownika, data_urodzenia, pensja, premia, poczatek_pracy,
                                       id_hotelu)
VALUES ('Louise', 'Doran', 'lousiedoran@onet.eu', '600600600', CAST('31-JAN-1990' AS DATETIME), 3400, NULL,
        CAST('31-JAN-2020' AS DATETIME), 127);
INSERT INTO siec_hoteli.dbo.pracownicy(imie_pracownika, nazwisko_pracownika, email_pracownika,
                                       numer_telefonu_pracownika, data_urodzenia, pensja, premia, poczatek_pracy,
                                       id_hotelu)
VALUES ('Sarath', 'Sewall', 'sarathsewall@onet.eu', '210210210', CAST('20-JAN-1995' AS DATETIME), 3000, .15,
        CAST('31-JAN-2020' AS DATETIME), 127);
INSERT INTO siec_hoteli.dbo.pracownicy(imie_pracownika, nazwisko_pracownika, email_pracownika,
                                       numer_telefonu_pracownika, data_urodzenia, pensja, premia, poczatek_pracy,
                                       id_hotelu)
VALUES ('Clara', 'Vishney', 'claravishney@onet.eu', '600600622', CAST('29-JUL-1987' AS DATETIME), 3450, NULL,
        CAST('21-DEC-2014' AS DATETIME), 128);
INSERT INTO siec_hoteli.dbo.pracownicy(imie_pracownika, nazwisko_pracownika, email_pracownika,
                                       numer_telefonu_pracownika, data_urodzenia, pensja, premia, poczatek_pracy,
                                       id_hotelu)
VALUES ('Danielle', 'Greene', 'daniellegreene@onet.eu', '210210213', CAST('29-JUL-1990' AS DATETIME), 2000, NULL,
        CAST('19-DEC-2014' AS DATETIME), 128);
INSERT INTO siec_hoteli.dbo.pracownicy(imie_pracownika, nazwisko_pracownika, email_pracownika,
                                       numer_telefonu_pracownika, data_urodzenia, pensja, premia, poczatek_pracy,
                                       id_hotelu)
VALUES ('Mattea', 'Marvins', 'matteamarvins@onet.pl', '107108109', CAST('29-JUL-1990' AS DATETIME), 1850, NULL,
        CAST('22-APR-2013' AS DATETIME), 130);
INSERT INTO siec_hoteli.dbo.pracownicy(imie_pracownika, nazwisko_pracownika, email_pracownika,
                                       numer_telefonu_pracownika, data_urodzenia, pensja, premia, poczatek_pracy,
                                       id_hotelu)
VALUES ('David', 'Lee', 'davidlee@onet.eu', '510600622', CAST('22-APR-1913' AS DATETIME), 3650, NULL,
        CAST('22-APR-2013' AS DATETIME), 131);
INSERT INTO siec_hoteli.dbo.pracownicy(imie_pracownika, nazwisko_pracownika, email_pracownika,
                                       numer_telefonu_pracownika, data_urodzenia, pensja, premia, poczatek_pracy,
                                       id_hotelu)
VALUES ('Sundar', 'Ande', 'sundarande@onet.eu', '210377213', CAST('22-APR-1973' AS DATETIME), 2050, NULL,
        CAST('22-APR-2012' AS DATETIME), 131);
INSERT INTO siec_hoteli.dbo.pracownicy(imie_pracownika, nazwisko_pracownika, email_pracownika,
                                       numer_telefonu_pracownika, data_urodzenia, pensja, premia, poczatek_pracy,
                                       id_hotelu)
VALUES ('Amit', 'Banda', 'amitbanda@view.eu', '440444022', CAST('22-AUG-1979' AS DATETIME), 2700, NULL,
        CAST('13-APR-2012' AS DATETIME), 132);
INSERT INTO siec_hoteli.dbo.pracownicy(imie_pracownika, nazwisko_pracownika, email_pracownika,
                                       numer_telefonu_pracownika, data_urodzenia, pensja, premia, poczatek_pracy,
                                       id_hotelu)
VALUES ('Lisa', 'Ozer', 'lisaozer@view.eu', '550005111', CAST('22-AUG-1945' AS DATETIME), 1900, NULL,
        CAST('22-AUG-1979' AS DATETIME), 132);
INSERT INTO siec_hoteli.dbo.pracownicy(imie_pracownika, nazwisko_pracownika, email_pracownika,
                                       numer_telefonu_pracownika, data_urodzenia, pensja, premia, poczatek_pracy,
                                       id_hotelu)
VALUES ('Harrison', 'Bloom', 'harrisonbloom@view.eu', '101302015', CAST('20-MAR-1990' AS DATETIME), 4300, .25,
        CAST('13-OCT-2011' AS DATETIME), 132);
INSERT INTO siec_hoteli.dbo.pracownicy(imie_pracownika, nazwisko_pracownika, email_pracownika,
                                       numer_telefonu_pracownika, data_urodzenia, pensja, premia, poczatek_pracy,
                                       id_hotelu)
VALUES ('Tayler', 'Fox', 'foxFox@view.eu', '662102002', CAST('23-MAR-1991' AS DATETIME), 1850, .20,
        CAST('12-JUN-2017' AS DATETIME), 134);
INSERT INTO siec_hoteli.dbo.pracownicy(imie_pracownika, nazwisko_pracownika, email_pracownika,
                                       numer_telefonu_pracownika, data_urodzenia, pensja, premia, poczatek_pracy,
                                       id_hotelu)
VALUES ('William', 'Smith', 'williamSmith@view.eu', '544295111', CAST('24-FEB-1985' AS DATETIME), 2600, NULL,
        CAST('12-JUN-2017' AS DATETIME), 134);
INSERT INTO siec_hoteli.dbo.pracownicy(imie_pracownika, nazwisko_pracownika, email_pracownika,
                                       numer_telefonu_pracownika, data_urodzenia, pensja, premia, poczatek_pracy,
                                       id_hotelu)
VALUES ('Elizabeth', 'Bates', 'elizabethBates@view.eu', '999222999', CAST('24-FEB-1985' AS DATETIME), 6600, NULL,
        CAST('12-APR-2010' AS DATETIME), 139);
INSERT INTO siec_hoteli.dbo.pracownicy(imie_pracownika, nazwisko_pracownika, email_pracownika,
                                       numer_telefonu_pracownika, data_urodzenia, pensja, premia, poczatek_pracy,
                                       id_hotelu)
VALUES ('Sundita', 'Kumar', 'sunditaKumar@view.eu', '555999222', CAST('12-APR-1990' AS DATETIME), 2900, NULL,
        CAST('12-APR-2010' AS DATETIME), 139);
INSERT INTO siec_hoteli.dbo.pracownicy(imie_pracownika, nazwisko_pracownika, email_pracownika,
                                       numer_telefonu_pracownika, data_urodzenia, pensja, premia, poczatek_pracy,
                                       id_hotelu)
VALUES ('Ellen', 'Abel', 'ellenabel@view.eu', '202303200', CAST('23-NOV-2000' AS DATETIME), 3100, NULL,
        CAST('12-NOV-2020' AS DATETIME), 139);
INSERT INTO siec_hoteli.dbo.pracownicy(imie_pracownika, nazwisko_pracownika, email_pracownika,
                                       numer_telefonu_pracownika, data_urodzenia, pensja, premia, poczatek_pracy,
                                       id_hotelu)
VALUES ('Alyssa', 'Hutton', 'alyssahutton@alpaka.ma', '112032000', CAST('31-AUG-1990' AS DATETIME), 2300, NULL,
        CAST('12-DEC-2020' AS DATETIME), 140);
INSERT INTO siec_hoteli.dbo.pracownicy(imie_pracownika, nazwisko_pracownika, email_pracownika,
                                       numer_telefonu_pracownika, data_urodzenia, pensja, premia, poczatek_pracy,
                                       id_hotelu)
VALUES ('Jonathon', 'Taylor', 'jonathontaylor@alpaka.ma', '102003000', CAST('31-AUG-1991' AS DATETIME), 2700, .1,
        CAST('31-DEC-2017' AS DATETIME), 141);
INSERT INTO siec_hoteli.dbo.pracownicy(imie_pracownika, nazwisko_pracownika, email_pracownika,
                                       numer_telefonu_pracownika, data_urodzenia, pensja, premia, poczatek_pracy,
                                       id_hotelu)
VALUES ('Sylwia', 'Winter', 'sylwiawinter@gmail.com', '669222999', CAST('05-MAY-1996' AS DATETIME), 8600, NULL,
        CAST('31-DEC-2020' AS DATETIME), 143);
INSERT INTO siec_hoteli.dbo.pracownicy(imie_pracownika, nazwisko_pracownika, email_pracownika,
                                       numer_telefonu_pracownika, data_urodzenia, pensja, premia, poczatek_pracy,
                                       id_hotelu)
VALUES ('Wojciech', 'Winter', 'wojtekwinter@gmail.com', '555499120', CAST('05-MAY-1996' AS DATETIME), 2900, NULL,
        CAST('04-APR-2017' AS DATETIME), 143);
INSERT INTO siec_hoteli.dbo.pracownicy(imie_pracownika, nazwisko_pracownika, email_pracownika,
                                       numer_telefonu_pracownika, data_urodzenia, pensja, premia, poczatek_pracy,
                                       id_hotelu)
VALUES ('Mirka', 'Abel', 'mirkaabel@gmail.com', '782303200', CAST('27-MAR-1995' AS DATETIME), 1800, NULL,
        CAST('03-MAR-2017' AS DATETIME), 143);
INSERT INTO siec_hoteli.dbo.pracownicy(imie_pracownika, nazwisko_pracownika, email_pracownika,
                                       numer_telefonu_pracownika, data_urodzenia, pensja, premia, poczatek_pracy,
                                       id_hotelu)
VALUES ('Michal', 'Kaczor', 'kaczor@gmail.com', '155499120', CAST('01-DEC-1998' AS DATETIME), 2975, NULL,
        CAST('01-DEC-2019' AS DATETIME), 144);
INSERT INTO siec_hoteli.dbo.pracownicy(imie_pracownika, nazwisko_pracownika, email_pracownika,
                                       numer_telefonu_pracownika, data_urodzenia, pensja, premia, poczatek_pracy,
                                       id_hotelu)
VALUES ('Michalina', 'Abba', 'michalinaabba@gmail.com', '723132960', CAST('06-JUN-1995' AS DATETIME), 2000, NULL,
        CAST('07-JUL-2018' AS DATETIME), 144);
INSERT INTO siec_hoteli.dbo.pracownicy(imie_pracownika, nazwisko_pracownika, email_pracownika,
                                       numer_telefonu_pracownika, data_urodzenia, pensja, premia, poczatek_pracy,
                                       id_hotelu)
VALUES ('Mateusz', 'Nowak', 'mnowak@gmail.com', '488499120', CAST('06-JUN-1994' AS DATETIME), 3900, .1,
        CAST('17-NOV-2017' AS DATETIME), 146);
INSERT INTO siec_hoteli.dbo.pracownicy(imie_pracownika, nazwisko_pracownika, email_pracownika,
                                       numer_telefonu_pracownika, data_urodzenia, pensja, premia, poczatek_pracy,
                                       id_hotelu)
VALUES ('Aga', 'Aga', 'agaaga@gmail.com', '992313290', CAST('12-DEC-1901' AS DATETIME), 2050, NULL,
        CAST('12-DEC-2018' AS DATETIME), 146);

INSERT INTO siec_hoteli.dbo.archiwum_pracownikow(koniec_pracy, id_pracownika)
VALUES (CAST('24-DEC-2003' AS DATETIME), 3);
INSERT INTO siec_hoteli.dbo.archiwum_pracownikow(koniec_pracy, id_pracownika)
VALUES (CAST('03-MAY-2010' AS DATETIME), 8);
INSERT INTO siec_hoteli.dbo.archiwum_pracownikow(koniec_pracy, id_pracownika)
VALUES (CAST('01-DEC-1999' AS DATETIME), 12);
INSERT INTO siec_hoteli.dbo.archiwum_pracownikow(koniec_pracy, id_pracownika)
VALUES (CAST('10-JUN-2004' AS DATETIME), 13);
INSERT INTO siec_hoteli.dbo.archiwum_pracownikow(koniec_pracy, id_pracownika)
VALUES (CAST('24-DEC-2019' AS DATETIME), 21);
INSERT INTO siec_hoteli.dbo.archiwum_pracownikow(koniec_pracy, id_pracownika)
VALUES (CAST('27-SEP-2006' AS DATETIME), 23);
INSERT INTO siec_hoteli.dbo.archiwum_pracownikow(koniec_pracy, id_pracownika)
VALUES (CAST('13-NOV-2008' AS DATETIME), 24);
INSERT INTO siec_hoteli.dbo.archiwum_pracownikow(koniec_pracy, id_pracownika)
VALUES (CAST('01-JAN-2015' AS DATETIME), 26);
INSERT INTO siec_hoteli.dbo.archiwum_pracownikow(koniec_pracy, id_pracownika)
VALUES (CAST('02-AUG-2016' AS DATETIME), 31);
INSERT INTO siec_hoteli.dbo.archiwum_pracownikow(koniec_pracy, id_pracownika)
VALUES (CAST('01-MAY-2019' AS DATETIME), 40);
INSERT INTO siec_hoteli.dbo.archiwum_pracownikow(koniec_pracy, id_pracownika)
VALUES (CAST('09-JUL-1995' AS DATETIME), 46);
INSERT INTO siec_hoteli.dbo.archiwum_pracownikow(koniec_pracy, id_pracownika)
VALUES (CAST('10-MAY-1990' AS DATETIME), 59);
INSERT INTO siec_hoteli.dbo.archiwum_pracownikow(koniec_pracy, id_pracownika)
VALUES (CAST('29-MAR-2010' AS DATETIME), 73);
INSERT INTO siec_hoteli.dbo.archiwum_pracownikow(koniec_pracy, id_pracownika)
VALUES (CAST('19-DEC-2019' AS DATETIME), 78);
GO

INSERT INTO siec_hoteli.dbo.pokoje(numer_pokoju, numer_telefonu_pokoju, liczba_przewidzianych_osob, liczba_pomieszczen,
                                   id_hotelu)
VALUES (1, '04245', 6, 3, 100);
INSERT INTO siec_hoteli.dbo.pokoje(numer_pokoju, numer_telefonu_pokoju, liczba_przewidzianych_osob, liczba_pomieszczen,
                                   id_hotelu)
VALUES (2, '04123', 4, 2, 100);
INSERT INTO siec_hoteli.dbo.pokoje(numer_pokoju, numer_telefonu_pokoju, liczba_przewidzianych_osob, liczba_pomieszczen,
                                   id_hotelu)
VALUES (3, '18642', 2, 1, 100);
INSERT INTO siec_hoteli.dbo.pokoje(numer_pokoju, numer_telefonu_pokoju, liczba_przewidzianych_osob, liczba_pomieszczen,
                                   id_hotelu)
VALUES (4, '12643', 5, 2, 100);
INSERT INTO siec_hoteli.dbo.pokoje(numer_pokoju, numer_telefonu_pokoju, liczba_przewidzianych_osob, liczba_pomieszczen,
                                   id_hotelu)
VALUES (5, '97465', 4, 2, 100);
INSERT INTO siec_hoteli.dbo.pokoje(numer_pokoju, numer_telefonu_pokoju, liczba_przewidzianych_osob, liczba_pomieszczen,
                                   id_hotelu)
VALUES (6, '18964', 6, 3, 100);
INSERT INTO siec_hoteli.dbo.pokoje(numer_pokoju, numer_telefonu_pokoju, liczba_przewidzianych_osob, liczba_pomieszczen,
                                   id_hotelu)
VALUES (1, '85435', 1, 1, 101);
INSERT INTO siec_hoteli.dbo.pokoje(numer_pokoju, numer_telefonu_pokoju, liczba_przewidzianych_osob, liczba_pomieszczen,
                                   id_hotelu)
VALUES (2, '16434', 9, 4, 101);
INSERT INTO siec_hoteli.dbo.pokoje(numer_pokoju, numer_telefonu_pokoju, liczba_przewidzianych_osob, liczba_pomieszczen,
                                   id_hotelu)
VALUES (3, '14567', 14, 5, 101);
INSERT INTO siec_hoteli.dbo.pokoje(numer_pokoju, numer_telefonu_pokoju, liczba_przewidzianych_osob, liczba_pomieszczen,
                                   id_hotelu)
VALUES (1, '58964', 6, 3, 102);
INSERT INTO siec_hoteli.dbo.pokoje(numer_pokoju, numer_telefonu_pokoju, liczba_przewidzianych_osob, liczba_pomieszczen,
                                   id_hotelu)
VALUES (2, '19756', 6, 2, 102);
INSERT INTO siec_hoteli.dbo.pokoje(numer_pokoju, numer_telefonu_pokoju, liczba_przewidzianych_osob, liczba_pomieszczen,
                                   id_hotelu)
VALUES (3, '18965', 5, 2, 102);
INSERT INTO siec_hoteli.dbo.pokoje(numer_pokoju, numer_telefonu_pokoju, liczba_przewidzianych_osob, liczba_pomieszczen,
                                   id_hotelu)
VALUES (4, '86576', 6, 2, 102);
INSERT INTO siec_hoteli.dbo.pokoje(numer_pokoju, numer_telefonu_pokoju, liczba_przewidzianych_osob, liczba_pomieszczen,
                                   id_hotelu)
VALUES (1, '16789', 7, 3, 103);
INSERT INTO siec_hoteli.dbo.pokoje(numer_pokoju, numer_telefonu_pokoju, liczba_przewidzianych_osob, liczba_pomieszczen,
                                   id_hotelu)
VALUES (2, '24549', 5, 3, 103);
INSERT INTO siec_hoteli.dbo.pokoje(numer_pokoju, numer_telefonu_pokoju, liczba_przewidzianych_osob, liczba_pomieszczen,
                                   id_hotelu)
VALUES (3, '18976', 5, 2, 103);
INSERT INTO siec_hoteli.dbo.pokoje(numer_pokoju, numer_telefonu_pokoju, liczba_przewidzianych_osob, liczba_pomieszczen,
                                   id_hotelu)
VALUES (1, '18653', 2, 1, 104);
INSERT INTO siec_hoteli.dbo.pokoje(numer_pokoju, numer_telefonu_pokoju, liczba_przewidzianych_osob, liczba_pomieszczen,
                                   id_hotelu)
VALUES (2, '86345', 8, 5, 104);
INSERT INTO siec_hoteli.dbo.pokoje(numer_pokoju, numer_telefonu_pokoju, liczba_przewidzianych_osob, liczba_pomieszczen,
                                   id_hotelu)
VALUES (3, '16432', 6, 4, 104);
INSERT INTO siec_hoteli.dbo.pokoje(numer_pokoju, numer_telefonu_pokoju, liczba_przewidzianych_osob, liczba_pomieszczen,
                                   id_hotelu)
VALUES (4, '84368', 2, 5, 104);
INSERT INTO siec_hoteli.dbo.pokoje(numer_pokoju, numer_telefonu_pokoju, liczba_przewidzianych_osob, liczba_pomieszczen,
                                   id_hotelu)
VALUES (5, '76245', 6, 3, 104);
INSERT INTO siec_hoteli.dbo.pokoje(numer_pokoju, numer_telefonu_pokoju, liczba_przewidzianych_osob, liczba_pomieszczen,
                                   id_hotelu)
VALUES (2, '12432', 5, 2, 105);
INSERT INTO siec_hoteli.dbo.pokoje(numer_pokoju, numer_telefonu_pokoju, liczba_przewidzianych_osob, liczba_pomieszczen,
                                   id_hotelu)
VALUES (3, '48643', 1, 2, 105);
INSERT INTO siec_hoteli.dbo.pokoje(numer_pokoju, numer_telefonu_pokoju, liczba_przewidzianych_osob, liczba_pomieszczen,
                                   id_hotelu)
VALUES (4, '96346', 5, 7, 105);
INSERT INTO siec_hoteli.dbo.pokoje(numer_pokoju, numer_telefonu_pokoju, liczba_przewidzianych_osob, liczba_pomieszczen,
                                   id_hotelu)
VALUES (5, '69421', 4, 1, 105);
INSERT INTO siec_hoteli.dbo.pokoje(numer_pokoju, numer_telefonu_pokoju, liczba_przewidzianych_osob, liczba_pomieszczen,
                                   id_hotelu)
VALUES (1, '13549', 7, 3, 106);
INSERT INTO siec_hoteli.dbo.pokoje(numer_pokoju, numer_telefonu_pokoju, liczba_przewidzianych_osob, liczba_pomieszczen,
                                   id_hotelu)
VALUES (2, '92463', 9, 4, 106);
INSERT INTO siec_hoteli.dbo.pokoje(numer_pokoju, numer_telefonu_pokoju, liczba_przewidzianych_osob, liczba_pomieszczen,
                                   id_hotelu)
VALUES (3, '92345', 10, 4, 106);
INSERT INTO siec_hoteli.dbo.pokoje(numer_pokoju, numer_telefonu_pokoju, liczba_przewidzianych_osob, liczba_pomieszczen,
                                   id_hotelu)
VALUES (4, '95245', 2, 5, 106);
INSERT INTO siec_hoteli.dbo.pokoje(numer_pokoju, numer_telefonu_pokoju, liczba_przewidzianych_osob, liczba_pomieszczen,
                                   id_hotelu)
VALUES (1, '23478', 8, 3, 107);
INSERT INTO siec_hoteli.dbo.pokoje(numer_pokoju, numer_telefonu_pokoju, liczba_przewidzianych_osob, liczba_pomieszczen,
                                   id_hotelu)
VALUES (2, '87653', 4, 6, 107);
INSERT INTO siec_hoteli.dbo.pokoje(numer_pokoju, numer_telefonu_pokoju, liczba_przewidzianych_osob, liczba_pomieszczen,
                                   id_hotelu)
VALUES (3, '60543', 3, 7, 107);
INSERT INTO siec_hoteli.dbo.pokoje(numer_pokoju, numer_telefonu_pokoju, liczba_przewidzianych_osob, liczba_pomieszczen,
                                   id_hotelu)
VALUES (4, '92453', 2, 2, 107);
INSERT INTO siec_hoteli.dbo.pokoje(numer_pokoju, numer_telefonu_pokoju, liczba_przewidzianych_osob, liczba_pomieszczen,
                                   id_hotelu)
VALUES (1, '13230', 8, 3, 108);
INSERT INTO siec_hoteli.dbo.pokoje(numer_pokoju, numer_telefonu_pokoju, liczba_przewidzianych_osob, liczba_pomieszczen,
                                   id_hotelu)
VALUES (2, '10986', 1, 1, 108);
INSERT INTO siec_hoteli.dbo.pokoje(numer_pokoju, numer_telefonu_pokoju, liczba_przewidzianych_osob, liczba_pomieszczen,
                                   id_hotelu)
VALUES (3, '34977', 2, 1, 108);
INSERT INTO siec_hoteli.dbo.pokoje(numer_pokoju, numer_telefonu_pokoju, liczba_przewidzianych_osob, liczba_pomieszczen,
                                   id_hotelu)
VALUES (1, '19769', 7, 3, 109);
INSERT INTO siec_hoteli.dbo.pokoje(numer_pokoju, numer_telefonu_pokoju, liczba_przewidzianych_osob, liczba_pomieszczen,
                                   id_hotelu)
VALUES (2, '68633', 4, 2, 109);
INSERT INTO siec_hoteli.dbo.pokoje(numer_pokoju, numer_telefonu_pokoju, liczba_przewidzianych_osob, liczba_pomieszczen,
                                   id_hotelu)
VALUES (1, '37976', 3, 1, 110);
INSERT INTO siec_hoteli.dbo.pokoje(numer_pokoju, numer_telefonu_pokoju, liczba_przewidzianych_osob, liczba_pomieszczen,
                                   id_hotelu)
VALUES (2, '34853', 3, 5, 110);
INSERT INTO siec_hoteli.dbo.pokoje(numer_pokoju, numer_telefonu_pokoju, liczba_przewidzianych_osob, liczba_pomieszczen,
                                   id_hotelu)
VALUES (3, '92435', 3, 4, 110);
INSERT INTO siec_hoteli.dbo.pokoje(numer_pokoju, numer_telefonu_pokoju, liczba_przewidzianych_osob, liczba_pomieszczen,
                                   id_hotelu)
VALUES (4, '98733', 2, 2, 110);
INSERT INTO siec_hoteli.dbo.pokoje(numer_pokoju, numer_telefonu_pokoju, liczba_przewidzianych_osob, liczba_pomieszczen,
                                   id_hotelu)
VALUES (5, '98235', 5, 6, 110);
INSERT INTO siec_hoteli.dbo.pokoje(numer_pokoju, numer_telefonu_pokoju, liczba_przewidzianych_osob, liczba_pomieszczen,
                                   id_hotelu)
VALUES (6, '98764', 3, 4, 110);
INSERT INTO siec_hoteli.dbo.pokoje(numer_pokoju, numer_telefonu_pokoju, liczba_przewidzianych_osob, liczba_pomieszczen,
                                   id_hotelu)
VALUES (7, '25975', 4, 2, 110);
INSERT INTO siec_hoteli.dbo.pokoje(numer_pokoju, numer_telefonu_pokoju, liczba_przewidzianych_osob, liczba_pomieszczen,
                                   id_hotelu)
VALUES (1, '91246', 3, 3, 111);
INSERT INTO siec_hoteli.dbo.pokoje(numer_pokoju, numer_telefonu_pokoju, liczba_przewidzianych_osob, liczba_pomieszczen,
                                   id_hotelu)
VALUES (2, '19235', 5, 4, 111);
INSERT INTO siec_hoteli.dbo.pokoje(numer_pokoju, numer_telefonu_pokoju, liczba_przewidzianych_osob, liczba_pomieszczen,
                                   id_hotelu)
VALUES (3, '56934', 5, 6, 111);
INSERT INTO siec_hoteli.dbo.pokoje(numer_pokoju, numer_telefonu_pokoju, liczba_przewidzianych_osob, liczba_pomieszczen,
                                   id_hotelu)
VALUES (1, '70345', 1, 2, 112);
INSERT INTO siec_hoteli.dbo.pokoje(numer_pokoju, numer_telefonu_pokoju, liczba_przewidzianych_osob, liczba_pomieszczen,
                                   id_hotelu)
VALUES (2, '48455', 4, 2, 114);
INSERT INTO siec_hoteli.dbo.pokoje(numer_pokoju, numer_telefonu_pokoju, liczba_przewidzianych_osob, liczba_pomieszczen,
                                   id_hotelu)
VALUES (3, '58345', 3, 1, 114);
INSERT INTO siec_hoteli.dbo.pokoje(numer_pokoju, numer_telefonu_pokoju, liczba_przewidzianych_osob, liczba_pomieszczen,
                                   id_hotelu)
VALUES (1, '26345', 5, 3, 115);
INSERT INTO siec_hoteli.dbo.pokoje(numer_pokoju, numer_telefonu_pokoju, liczba_przewidzianych_osob, liczba_pomieszczen,
                                   id_hotelu)
VALUES (2, '43985', 3, 2, 115);
INSERT INTO siec_hoteli.dbo.pokoje(numer_pokoju, numer_telefonu_pokoju, liczba_przewidzianych_osob, liczba_pomieszczen,
                                   id_hotelu)
VALUES (3, '38565', 3, 8, 115);
INSERT INTO siec_hoteli.dbo.pokoje(numer_pokoju, numer_telefonu_pokoju, liczba_przewidzianych_osob, liczba_pomieszczen,
                                   id_hotelu)
VALUES (1, '68345', 2, 1, 116);
INSERT INTO siec_hoteli.dbo.pokoje(numer_pokoju, numer_telefonu_pokoju, liczba_przewidzianych_osob, liczba_pomieszczen,
                                   id_hotelu)
VALUES (2, '78953', 2, 4, 116);
INSERT INTO siec_hoteli.dbo.pokoje(numer_pokoju, numer_telefonu_pokoju, liczba_przewidzianych_osob, liczba_pomieszczen,
                                   id_hotelu)
VALUES (3, '27863', 3, 8, 116);
INSERT INTO siec_hoteli.dbo.pokoje(numer_pokoju, numer_telefonu_pokoju, liczba_przewidzianych_osob, liczba_pomieszczen,
                                   id_hotelu)
VALUES (4, '19843', 2, 1, 116);
INSERT INTO siec_hoteli.dbo.pokoje(numer_pokoju, numer_telefonu_pokoju, liczba_przewidzianych_osob, liczba_pomieszczen,
                                   id_hotelu)
VALUES (1, '72463', 5, 3, 117);
INSERT INTO siec_hoteli.dbo.pokoje(numer_pokoju, numer_telefonu_pokoju, liczba_przewidzianych_osob, liczba_pomieszczen,
                                   id_hotelu)
VALUES (1, '17345', 5, 4, 118);
INSERT INTO siec_hoteli.dbo.pokoje(numer_pokoju, numer_telefonu_pokoju, liczba_przewidzianych_osob, liczba_pomieszczen,
                                   id_hotelu)
VALUES (2, '78532', 3, 2, 118);
INSERT INTO siec_hoteli.dbo.pokoje(numer_pokoju, numer_telefonu_pokoju, liczba_przewidzianych_osob, liczba_pomieszczen,
                                   id_hotelu)
VALUES (1, '38644', 2, 1, 119);
INSERT INTO siec_hoteli.dbo.pokoje(numer_pokoju, numer_telefonu_pokoju, liczba_przewidzianych_osob, liczba_pomieszczen,
                                   id_hotelu)
VALUES (2, '16546', 3, 3, 119);
INSERT INTO siec_hoteli.dbo.pokoje(numer_pokoju, numer_telefonu_pokoju, liczba_przewidzianych_osob, liczba_pomieszczen,
                                   id_hotelu)
VALUES (3, '56935', 3, 3, 119);
INSERT INTO siec_hoteli.dbo.pokoje(numer_pokoju, numer_telefonu_pokoju, liczba_przewidzianych_osob, liczba_pomieszczen,
                                   id_hotelu)
VALUES (4, '78965', 3, 6, 119);
INSERT INTO siec_hoteli.dbo.pokoje(numer_pokoju, numer_telefonu_pokoju, liczba_przewidzianych_osob, liczba_pomieszczen,
                                   id_hotelu)
VALUES (5, '37864', 3, 2, 119);
INSERT INTO siec_hoteli.dbo.pokoje(numer_pokoju, numer_telefonu_pokoju, liczba_przewidzianych_osob, liczba_pomieszczen,
                                   id_hotelu)
VALUES (1, '38643', 2, 1, 120);
INSERT INTO siec_hoteli.dbo.pokoje(numer_pokoju, numer_telefonu_pokoju, liczba_przewidzianych_osob, liczba_pomieszczen,
                                   id_hotelu)
VALUES (2, '16526', 3, 2, 120);
INSERT INTO siec_hoteli.dbo.pokoje(numer_pokoju, numer_telefonu_pokoju, liczba_przewidzianych_osob, liczba_pomieszczen,
                                   id_hotelu)
VALUES (3, '51935', 4, 3, 120);
INSERT INTO siec_hoteli.dbo.pokoje(numer_pokoju, numer_telefonu_pokoju, liczba_przewidzianych_osob, liczba_pomieszczen,
                                   id_hotelu)
VALUES (4, '28965', 2, 6, 120);
INSERT INTO siec_hoteli.dbo.pokoje(numer_pokoju, numer_telefonu_pokoju, liczba_przewidzianych_osob, liczba_pomieszczen,
                                   id_hotelu)
VALUES (5, '30864', 3, 3, 120);
INSERT INTO siec_hoteli.dbo.pokoje(numer_pokoju, numer_telefonu_pokoju, liczba_przewidzianych_osob, liczba_pomieszczen,
                                   id_hotelu)
VALUES (1, '38043', 2, 1, 121);
INSERT INTO siec_hoteli.dbo.pokoje(numer_pokoju, numer_telefonu_pokoju, liczba_przewidzianych_osob, liczba_pomieszczen,
                                   id_hotelu)
VALUES (2, '23526', 2, 1, 121);
INSERT INTO siec_hoteli.dbo.pokoje(numer_pokoju, numer_telefonu_pokoju, liczba_przewidzianych_osob, liczba_pomieszczen,
                                   id_hotelu)
VALUES (1, '38001', 2, 1, 122);
INSERT INTO siec_hoteli.dbo.pokoje(numer_pokoju, numer_telefonu_pokoju, liczba_przewidzianych_osob, liczba_pomieszczen,
                                   id_hotelu)
VALUES (2, '23006', 3, 2, 122);
INSERT INTO siec_hoteli.dbo.pokoje(numer_pokoju, numer_telefonu_pokoju, liczba_przewidzianych_osob, liczba_pomieszczen,
                                   id_hotelu)
VALUES (1, '30043', 2, 1, 123);
INSERT INTO siec_hoteli.dbo.pokoje(numer_pokoju, numer_telefonu_pokoju, liczba_przewidzianych_osob, liczba_pomieszczen,
                                   id_hotelu)
VALUES (2, '23599', 2, 1, 123);
INSERT INTO siec_hoteli.dbo.pokoje(numer_pokoju, numer_telefonu_pokoju, liczba_przewidzianych_osob, liczba_pomieszczen,
                                   id_hotelu)
VALUES (3, '39943', 2, 1, 123);
INSERT INTO siec_hoteli.dbo.pokoje(numer_pokoju, numer_telefonu_pokoju, liczba_przewidzianych_osob, liczba_pomieszczen,
                                   id_hotelu)
VALUES (4, '13526', 2, 1, 123);
INSERT INTO siec_hoteli.dbo.pokoje(numer_pokoju, numer_telefonu_pokoju, liczba_przewidzianych_osob, liczba_pomieszczen,
                                   id_hotelu)
VALUES (1, '36043', 3, 1, 124);
INSERT INTO siec_hoteli.dbo.pokoje(numer_pokoju, numer_telefonu_pokoju, liczba_przewidzianych_osob, liczba_pomieszczen,
                                   id_hotelu)
VALUES (1, '36044', 3, 1, 125);
INSERT INTO siec_hoteli.dbo.pokoje(numer_pokoju, numer_telefonu_pokoju, liczba_przewidzianych_osob, liczba_pomieszczen,
                                   id_hotelu)
VALUES (2, '11004', 2, 1, 125);
INSERT INTO siec_hoteli.dbo.pokoje(numer_pokoju, numer_telefonu_pokoju, liczba_przewidzianych_osob, liczba_pomieszczen,
                                   id_hotelu)
VALUES (1, '63043', 3, 2, 126);
INSERT INTO siec_hoteli.dbo.pokoje(numer_pokoju, numer_telefonu_pokoju, liczba_przewidzianych_osob, liczba_pomieszczen,
                                   id_hotelu)
VALUES (1, '25345', 5, 3, 127);
INSERT INTO siec_hoteli.dbo.pokoje(numer_pokoju, numer_telefonu_pokoju, liczba_przewidzianych_osob, liczba_pomieszczen,
                                   id_hotelu)
VALUES (2, '42985', 3, 2, 127);
INSERT INTO siec_hoteli.dbo.pokoje(numer_pokoju, numer_telefonu_pokoju, liczba_przewidzianych_osob, liczba_pomieszczen,
                                   id_hotelu)
VALUES (3, '39565', 3, 8, 127);
INSERT INTO siec_hoteli.dbo.pokoje(numer_pokoju, numer_telefonu_pokoju, liczba_przewidzianych_osob, liczba_pomieszczen,
                                   id_hotelu)
VALUES (1, '26335', 4, 3, 128);
INSERT INTO siec_hoteli.dbo.pokoje(numer_pokoju, numer_telefonu_pokoju, liczba_przewidzianych_osob, liczba_pomieszczen,
                                   id_hotelu)
VALUES (2, '43975', 3, 2, 128);
INSERT INTO siec_hoteli.dbo.pokoje(numer_pokoju, numer_telefonu_pokoju, liczba_przewidzianych_osob, liczba_pomieszczen,
                                   id_hotelu)
VALUES (1, '26354', 2, 3, 129);
INSERT INTO siec_hoteli.dbo.pokoje(numer_pokoju, numer_telefonu_pokoju, liczba_przewidzianych_osob, liczba_pomieszczen,
                                   id_hotelu)
VALUES (2, '43958', 3, 2, 129);
INSERT INTO siec_hoteli.dbo.pokoje(numer_pokoju, numer_telefonu_pokoju, liczba_przewidzianych_osob, liczba_pomieszczen,
                                   id_hotelu)
VALUES (3, '38556', 2, 1, 129);
INSERT INTO siec_hoteli.dbo.pokoje(numer_pokoju, numer_telefonu_pokoju, liczba_przewidzianych_osob, liczba_pomieszczen,
                                   id_hotelu)
VALUES (1, '14354', 2, 1, 130);
INSERT INTO siec_hoteli.dbo.pokoje(numer_pokoju, numer_telefonu_pokoju, liczba_przewidzianych_osob, liczba_pomieszczen,
                                   id_hotelu)
VALUES (1, '18354', 2, 1, 131);
INSERT INTO siec_hoteli.dbo.pokoje(numer_pokoju, numer_telefonu_pokoju, liczba_przewidzianych_osob, liczba_pomieszczen,
                                   id_hotelu)
VALUES (1, '17354', 2, 1, 132);
INSERT INTO siec_hoteli.dbo.pokoje(numer_pokoju, numer_telefonu_pokoju, liczba_przewidzianych_osob, liczba_pomieszczen,
                                   id_hotelu)
VALUES (1, '71354', 2, 1, 133);
INSERT INTO siec_hoteli.dbo.pokoje(numer_pokoju, numer_telefonu_pokoju, liczba_przewidzianych_osob, liczba_pomieszczen,
                                   id_hotelu)
VALUES (2, '17174', 2, 1, 133);
INSERT INTO siec_hoteli.dbo.pokoje(numer_pokoju, numer_telefonu_pokoju, liczba_przewidzianych_osob, liczba_pomieszczen,
                                   id_hotelu)
VALUES (1, '71154', 2, 1, 134);
INSERT INTO siec_hoteli.dbo.pokoje(numer_pokoju, numer_telefonu_pokoju, liczba_przewidzianych_osob, liczba_pomieszczen,
                                   id_hotelu)
VALUES (2, '17074', 2, 1, 134);
INSERT INTO siec_hoteli.dbo.pokoje(numer_pokoju, numer_telefonu_pokoju, liczba_przewidzianych_osob, liczba_pomieszczen,
                                   id_hotelu)
VALUES (1, '71824', 2, 1, 135);
INSERT INTO siec_hoteli.dbo.pokoje(numer_pokoju, numer_telefonu_pokoju, liczba_przewidzianych_osob, liczba_pomieszczen,
                                   id_hotelu)
VALUES (2, '92154', 2, 1, 135);
INSERT INTO siec_hoteli.dbo.pokoje(numer_pokoju, numer_telefonu_pokoju, liczba_przewidzianych_osob, liczba_pomieszczen,
                                   id_hotelu)
VALUES (1, '90154', 2, 1, 136);
INSERT INTO siec_hoteli.dbo.pokoje(numer_pokoju, numer_telefonu_pokoju, liczba_przewidzianych_osob, liczba_pomieszczen,
                                   id_hotelu)
VALUES (1, '81154', 2, 1, 137);
INSERT INTO siec_hoteli.dbo.pokoje(numer_pokoju, numer_telefonu_pokoju, liczba_przewidzianych_osob, liczba_pomieszczen,
                                   id_hotelu)
VALUES (2, '74154', 2, 1, 137);
INSERT INTO siec_hoteli.dbo.pokoje(numer_pokoju, numer_telefonu_pokoju, liczba_przewidzianych_osob, liczba_pomieszczen,
                                   id_hotelu)
VALUES (3, '71194', 2, 1, 137);
INSERT INTO siec_hoteli.dbo.pokoje(numer_pokoju, numer_telefonu_pokoju, liczba_przewidzianych_osob, liczba_pomieszczen,
                                   id_hotelu)
VALUES (4, '71054', 2, 1, 137);
INSERT INTO siec_hoteli.dbo.pokoje(numer_pokoju, numer_telefonu_pokoju, liczba_przewidzianych_osob, liczba_pomieszczen,
                                   id_hotelu)
VALUES (5, '70954', 2, 1, 137);
INSERT INTO siec_hoteli.dbo.pokoje(numer_pokoju, numer_telefonu_pokoju, liczba_przewidzianych_osob, liczba_pomieszczen,
                                   id_hotelu)
VALUES (1, '99154', 4, 2, 138);
INSERT INTO siec_hoteli.dbo.pokoje(numer_pokoju, numer_telefonu_pokoju, liczba_przewidzianych_osob, liczba_pomieszczen,
                                   id_hotelu)
VALUES (1, '23154', 2, 1, 139);
INSERT INTO siec_hoteli.dbo.pokoje(numer_pokoju, numer_telefonu_pokoju, liczba_przewidzianych_osob, liczba_pomieszczen,
                                   id_hotelu)
VALUES (2, '22954', 2, 1, 139);
INSERT INTO siec_hoteli.dbo.pokoje(numer_pokoju, numer_telefonu_pokoju, liczba_przewidzianych_osob, liczba_pomieszczen,
                                   id_hotelu)
VALUES (1, '70155', 3, 1, 140);
INSERT INTO siec_hoteli.dbo.pokoje(numer_pokoju, numer_telefonu_pokoju, liczba_przewidzianych_osob, liczba_pomieszczen,
                                   id_hotelu)
VALUES (1, '44155', 3, 1, 141);
INSERT INTO siec_hoteli.dbo.pokoje(numer_pokoju, numer_telefonu_pokoju, liczba_przewidzianych_osob, liczba_pomieszczen,
                                   id_hotelu)
VALUES (2, '33355', 3, 1, 141);
INSERT INTO siec_hoteli.dbo.pokoje(numer_pokoju, numer_telefonu_pokoju, liczba_przewidzianych_osob, liczba_pomieszczen,
                                   id_hotelu)
VALUES (1, '70122', 5, 6, 142);
INSERT INTO siec_hoteli.dbo.pokoje(numer_pokoju, numer_telefonu_pokoju, liczba_przewidzianych_osob, liczba_pomieszczen,
                                   id_hotelu)
VALUES (1, '30185', 3, 1, 143);
INSERT INTO siec_hoteli.dbo.pokoje(numer_pokoju, numer_telefonu_pokoju, liczba_przewidzianych_osob, liczba_pomieszczen,
                                   id_hotelu)
VALUES (2, '77220', 3, 2, 143);
INSERT INTO siec_hoteli.dbo.pokoje(numer_pokoju, numer_telefonu_pokoju, liczba_przewidzianych_osob, liczba_pomieszczen,
                                   id_hotelu)
VALUES (3, '11909', 3, 3, 143);
INSERT INTO siec_hoteli.dbo.pokoje(numer_pokoju, numer_telefonu_pokoju, liczba_przewidzianych_osob, liczba_pomieszczen,
                                   id_hotelu)
VALUES (4, '44444', 4, 4, 144);
INSERT INTO siec_hoteli.dbo.pokoje(numer_pokoju, numer_telefonu_pokoju, liczba_przewidzianych_osob, liczba_pomieszczen,
                                   id_hotelu)
VALUES (1, '70000', 3, 1, 145);
INSERT INTO siec_hoteli.dbo.pokoje(numer_pokoju, numer_telefonu_pokoju, liczba_przewidzianych_osob, liczba_pomieszczen,
                                   id_hotelu)
VALUES (2, '66000', 2, 1, 145);
INSERT INTO siec_hoteli.dbo.pokoje(numer_pokoju, numer_telefonu_pokoju, liczba_przewidzianych_osob, liczba_pomieszczen,
                                   id_hotelu)
VALUES (3, '55000', 2, 1, 145);
INSERT INTO siec_hoteli.dbo.pokoje(numer_pokoju, numer_telefonu_pokoju, liczba_przewidzianych_osob, liczba_pomieszczen,
                                   id_hotelu)
VALUES (4, '95000', 1, 1, 145);
GO

INSERT INTO siec_hoteli.dbo.sprzatanie(data_rozpoczecia_sprzatania, data_zakonczenia_sprzatania, rodzaj_sprzatania,
                                       id_pokoju)
VALUES ('2020/05/15 12:00:00', '2020/05/15 14:30:00', 'Pelne', 100);
INSERT INTO siec_hoteli.dbo.sprzatanie(data_rozpoczecia_sprzatania, data_zakonczenia_sprzatania, rodzaj_sprzatania,
                                       id_pokoju)
VALUES ('2020/03/05 11:00:00', '2020/03/05 11:45:00', 'Podstawowe', 100);
INSERT INTO siec_hoteli.dbo.sprzatanie(data_rozpoczecia_sprzatania, data_zakonczenia_sprzatania, rodzaj_sprzatania,
                                       id_pokoju)
VALUES ('2020/05/04 18:00:00', '2020/05/04 19:50:00', 'Podstawowe', 100);
INSERT INTO siec_hoteli.dbo.sprzatanie(data_rozpoczecia_sprzatania, data_zakonczenia_sprzatania, rodzaj_sprzatania,
                                       id_pokoju)
VALUES ('2020/05/20 18:00:00', '2020/05/20 19:55:00', 'Pelne', 103);
INSERT INTO siec_hoteli.dbo.sprzatanie(data_rozpoczecia_sprzatania, data_zakonczenia_sprzatania, rodzaj_sprzatania,
                                       id_pokoju)
VALUES ('2020/05/01 18:00:00', '2020/05/02 12:30:00', 'Pelne', 110);
INSERT INTO siec_hoteli.dbo.sprzatanie(data_rozpoczecia_sprzatania, data_zakonczenia_sprzatania, rodzaj_sprzatania,
                                       id_pokoju)
VALUES ('2020/05/19 09:00:00', '2020/05/19 09:30:00', 'Podstawowe', 115);
INSERT INTO siec_hoteli.dbo.sprzatanie(data_rozpoczecia_sprzatania, data_zakonczenia_sprzatania, rodzaj_sprzatania,
                                       id_pokoju)
VALUES ('2020/03/20 11:40:00', '2020/03/20 11:50:00', 'Podstawowe', 116);
INSERT INTO siec_hoteli.dbo.sprzatanie(data_rozpoczecia_sprzatania, data_zakonczenia_sprzatania, rodzaj_sprzatania,
                                       id_pokoju)
VALUES ('2020/03/09 08:45:00', '2020/03/09 12:00:00', 'Pelne', 116);
INSERT INTO siec_hoteli.dbo.sprzatanie(data_rozpoczecia_sprzatania, data_zakonczenia_sprzatania, rodzaj_sprzatania,
                                       id_pokoju)
VALUES ('2020/03/30 10:00:00', '2020/03/30 11:35:00', 'Pelne', 120);
INSERT INTO siec_hoteli.dbo.sprzatanie(data_rozpoczecia_sprzatania, data_zakonczenia_sprzatania, rodzaj_sprzatania,
                                       id_pokoju)
VALUES ('2020/05/01 13:00:00', '2020/05/01 13:35:00', 'Podstawowe', 120);
INSERT INTO siec_hoteli.dbo.sprzatanie(data_rozpoczecia_sprzatania, data_zakonczenia_sprzatania, rodzaj_sprzatania,
                                       id_pokoju)
VALUES ('2020/05/12 14:00:00', '2020/05/12 14:50:00', 'Podstawowe', 120);
INSERT INTO siec_hoteli.dbo.sprzatanie(data_rozpoczecia_sprzatania, data_zakonczenia_sprzatania, rodzaj_sprzatania,
                                       id_pokoju)
VALUES ('2020/04/29 19:10:00', '2020/05/30 09:50:00', 'Pelne', 124);
INSERT INTO siec_hoteli.dbo.sprzatanie(data_rozpoczecia_sprzatania, data_zakonczenia_sprzatania, rodzaj_sprzatania,
                                       id_pokoju)
VALUES ('2020/05/20 09:00:00', '2020/05/20 10:55:00', 'Pelne', 125);
INSERT INTO siec_hoteli.dbo.sprzatanie(data_rozpoczecia_sprzatania, data_zakonczenia_sprzatania, rodzaj_sprzatania,
                                       id_pokoju)
VALUES ('2020/04/11 12:00:00', '2020/04/11 12:30:00', 'Podstawowe', 128);
INSERT INTO siec_hoteli.dbo.sprzatanie(data_rozpoczecia_sprzatania, data_zakonczenia_sprzatania, rodzaj_sprzatania,
                                       id_pokoju)
VALUES ('2020/05/10 10:00:00', '2020/05/10 10:30:00', 'Podstawowe', 130);
INSERT INTO siec_hoteli.dbo.sprzatanie(data_rozpoczecia_sprzatania, data_zakonczenia_sprzatania, rodzaj_sprzatania,
                                       id_pokoju)
VALUES ('2020/01/23 09:00:00', '2020/01/23 09:30:00', 'Podstawowe', 130);
INSERT INTO siec_hoteli.dbo.sprzatanie(data_rozpoczecia_sprzatania, data_zakonczenia_sprzatania, rodzaj_sprzatania,
                                       id_pokoju)
VALUES ('2020/05/20 17:00:00', '2020/05/20 17:50:00', 'Podstawowe', 131);
INSERT INTO siec_hoteli.dbo.sprzatanie(data_rozpoczecia_sprzatania, data_zakonczenia_sprzatania, rodzaj_sprzatania,
                                       id_pokoju)
VALUES ('2020/05/09 11:25:00', '2020/05/09 11:55:00', 'Podstawowe', 133);
INSERT INTO siec_hoteli.dbo.sprzatanie(data_rozpoczecia_sprzatania, data_zakonczenia_sprzatania, rodzaj_sprzatania,
                                       id_pokoju)
VALUES ('2020/03/20 10:00:00', '2020/03/30 11:35:00', 'Pelne', 133);
INSERT INTO siec_hoteli.dbo.sprzatanie(data_rozpoczecia_sprzatania, data_zakonczenia_sprzatania, rodzaj_sprzatania,
                                       id_pokoju)
VALUES ('2020/05/01 13:00:00', '2020/05/01 13:35:00', 'Podstawowe', 138);
INSERT INTO siec_hoteli.dbo.sprzatanie(data_rozpoczecia_sprzatania, data_zakonczenia_sprzatania, rodzaj_sprzatania,
                                       id_pokoju)
VALUES ('2020/04/26 16:00:00', '2020/04/26 16:50:00', 'Pelne', 138);
INSERT INTO siec_hoteli.dbo.sprzatanie(data_rozpoczecia_sprzatania, data_zakonczenia_sprzatania, rodzaj_sprzatania,
                                       id_pokoju)
VALUES ('2020/02/28 15:10:00', '2020/02/28 15:40:00', 'Podstawowe', 139);
INSERT INTO siec_hoteli.dbo.sprzatanie(data_rozpoczecia_sprzatania, data_zakonczenia_sprzatania, rodzaj_sprzatania,
                                       id_pokoju)
VALUES ('2020/04/10 12:00:00', '2020/04/10 14:55:00', 'Pelne', 143);
INSERT INTO siec_hoteli.dbo.sprzatanie(data_rozpoczecia_sprzatania, data_zakonczenia_sprzatania, rodzaj_sprzatania,
                                       id_pokoju)
VALUES ('2020/03/12 11:00:00', '2020/03/12 12:30:00', 'Podstawowe', 150);
INSERT INTO siec_hoteli.dbo.sprzatanie(data_rozpoczecia_sprzatania, data_zakonczenia_sprzatania, rodzaj_sprzatania,
                                       id_pokoju)
VALUES ('2020/05/01 06:00:00', '2020/05/01 10:30:00', 'Pelne', 160);
INSERT INTO siec_hoteli.dbo.sprzatanie(data_rozpoczecia_sprzatania, data_zakonczenia_sprzatania, rodzaj_sprzatania,
                                       id_pokoju)
VALUES ('2020/02/23 09:00:00', '2020/02/23 09:30:00', 'Podstawowe', 162);
GO

INSERT INTO siec_hoteli.dbo.rozmowy_telefoniczne(numer_telefonu, data_rozpoczecia_rozmowy, data_zakonczenia_rozmowy,
                                                 id_pokoju)
VALUES ('205947321', '2020/05/03  15:30:45', '2020/05/03 15:32:04', 123);
INSERT INTO siec_hoteli.dbo.rozmowy_telefoniczne(numer_telefonu, data_rozpoczecia_rozmowy, data_zakonczenia_rozmowy,
                                                 id_pokoju)
VALUES ('97465', '2020/01/06  10:21:05', '2020/01/06 11:01:37', 104);
INSERT INTO siec_hoteli.dbo.rozmowy_telefoniczne(numer_telefonu, data_rozpoczecia_rozmowy, data_zakonczenia_rozmowy,
                                                 id_pokoju)
VALUES ('04123', '2020/02/16  18:11:40', '2020/02/16 18:14:09', 121);
INSERT INTO siec_hoteli.dbo.rozmowy_telefoniczne(numer_telefonu, data_rozpoczecia_rozmowy, data_zakonczenia_rozmowy,
                                                 id_pokoju)
VALUES ('197495427', '2020/05/04  06:13:42', '2020/05/04 06:15:55', 126);
INSERT INTO siec_hoteli.dbo.rozmowy_telefoniczne(numer_telefonu, data_rozpoczecia_rozmowy, data_zakonczenia_rozmowy,
                                                 id_pokoju)
VALUES ('12432', '2020/05/04 11:22:34', '2020/05/04 11:25:06', 123);
INSERT INTO siec_hoteli.dbo.rozmowy_telefoniczne(numer_telefonu, data_rozpoczecia_rozmowy, data_zakonczenia_rozmowy,
                                                 id_pokoju)
VALUES ('97465', '2020/01/06 23:04:15', '2020/01/06 23:06:12', 104);
INSERT INTO siec_hoteli.dbo.rozmowy_telefoniczne(numer_telefonu, data_rozpoczecia_rozmowy, data_zakonczenia_rozmowy,
                                                 id_pokoju)
VALUES ('604978342', '2020/02/17 11:11:12', '2020/02/17 13:54:34', 121);
INSERT INTO siec_hoteli.dbo.rozmowy_telefoniczne(numer_telefonu, data_rozpoczecia_rozmowy, data_zakonczenia_rozmowy,
                                                 id_pokoju)
VALUES ('18976', '2020/05/04 06:13:42', '2020/05/04 06:15:55', 126);
INSERT INTO siec_hoteli.dbo.rozmowy_telefoniczne(numer_telefonu, data_rozpoczecia_rozmowy, data_zakonczenia_rozmowy,
                                                 id_pokoju)
VALUES ('68345', '2020/05/04 11:22:34', '2020/05/04 11:25:06', 118);
INSERT INTO siec_hoteli.dbo.rozmowy_telefoniczne(numer_telefonu, data_rozpoczecia_rozmowy, data_zakonczenia_rozmowy,
                                                 id_pokoju)
VALUES ('19235', '2020/04/2 13:05:22', '2020/04/2 13:12:21', 145);
INSERT INTO siec_hoteli.dbo.rozmowy_telefoniczne(numer_telefonu, data_rozpoczecia_rozmowy, data_zakonczenia_rozmowy,
                                                 id_pokoju)
VALUES ('12432', '2020/02/13 04:45:59', '2020/02/13 05:54:11', 155);
INSERT INTO siec_hoteli.dbo.rozmowy_telefoniczne(numer_telefonu, data_rozpoczecia_rozmowy, data_zakonczenia_rozmowy,
                                                 id_pokoju)
VALUES ('205948876', '2020/02/28 13:17:23', '2020/02/28 14:45:13', 160);
INSERT INTO siec_hoteli.dbo.rozmowy_telefoniczne(numer_telefonu, data_rozpoczecia_rozmowy, data_zakonczenia_rozmowy,
                                                 id_pokoju)
VALUES ('305869543', '2019/09/17 15:19:25', '2020/02/28 15:41:10', 110);
GO

INSERT INTO siec_hoteli.dbo.rozmowy_telefoniczne(numer_telefonu, data_rozpoczecia_rozmowy, data_zakonczenia_rozmowy,
                                                 id_pokoju)
VALUES ('601874010', '2019/12/27 13:17:23', '2020/03/29 15:45:13', 160);
GO
INSERT INTO siec_hoteli.dbo.rozmowy_telefoniczne(numer_telefonu, data_rozpoczecia_rozmowy, data_zakonczenia_rozmowy,
                                                 id_pokoju)
VALUES ('665074716', '2020/01/17 13:17:23', '2020/03/30 16:45:13', 160);
GO
INSERT INTO siec_hoteli.dbo.rozmowy_telefoniczne(numer_telefonu, data_rozpoczecia_rozmowy, data_zakonczenia_rozmowy,
                                                 id_pokoju)
VALUES ('601874010', '2019/12/26 13:17:23', '2020/03/31 17:45:13', 160);
GO


INSERT INTO siec_hoteli.dbo.klienci(imie_klienta, nazwisko_klienta, numer_telefonu_klienta, adres_zamieszkania)
VALUES ('Maciej', 'Kowalczyk', '185392323', 'Politechniki 12 92-431 Lodz Polska');
INSERT INTO siec_hoteli.dbo.klienci(imie_klienta, nazwisko_klienta, numer_telefonu_klienta, adres_zamieszkania)
VALUES ('Magdalena', 'Nowak', '659302954', 'Morskie Oko 132 12-432 Zakopane Polska');
INSERT INTO siec_hoteli.dbo.klienci(imie_klienta, nazwisko_klienta, numer_telefonu_klienta, adres_zamieszkania)
VALUES ('Mariusz', 'Adamczyk', '995432511', 'Palacowa 156 13-561 Warszawa Polska');
INSERT INTO siec_hoteli.dbo.klienci(imie_klienta, nazwisko_klienta, numer_telefonu_klienta, adres_zamieszkania)
VALUES ('Jozef', 'Spychala', '593857201', 'Wroclawska 14 34-234 Lodz Polska');
INSERT INTO siec_hoteli.dbo.klienci(imie_klienta, nazwisko_klienta, numer_telefonu_klienta, adres_zamieszkania)
VALUES ('Malgorzata', 'Wawrzyniak', '978572054', 'Letnia 141 49-546 Plock Polska');
INSERT INTO siec_hoteli.dbo.klienci(imie_klienta, nazwisko_klienta, numer_telefonu_klienta, adres_zamieszkania)
VALUES ('Agnieszka', 'Dudziak', '597416754', 'Lawinowa 98 43-175 Pilica Polska');
INSERT INTO siec_hoteli.dbo.klienci(imie_klienta, nazwisko_klienta, numer_telefonu_klienta, adres_zamieszkania)
VALUES ('Robert', 'Szukal', '687948372', 'Potokowa 65 15-865 Gdansk Polska');
INSERT INTO siec_hoteli.dbo.klienci(imie_klienta, nazwisko_klienta, numer_telefonu_klienta, adres_zamieszkania)
VALUES ('Klaudia', 'Kulesza', '497810692', 'Sobieskiego 24a 31-136 Krakow Polska');
INSERT INTO siec_hoteli.dbo.klienci(imie_klienta, nazwisko_klienta, numer_telefonu_klienta, adres_zamieszkania)
VALUES ('Anne', 'Kiff', '343255631', 'Fine St 111 3-432 London Wielka Brytania');
INSERT INTO siec_hoteli.dbo.klienci(imie_klienta, nazwisko_klienta, numer_telefonu_klienta, adres_zamieszkania)
VALUES ('James', 'Black', '681059481', 'Halo St 45 6-342 London Wielka Brytania');
INSERT INTO siec_hoteli.dbo.klienci(imie_klienta, nazwisko_klienta, numer_telefonu_klienta, adres_zamieszkania)
VALUES ('Piter', 'Kavinski', '506918654', 'Green St 12 4-876 Manchester Wielka Brytania');
INSERT INTO siec_hoteli.dbo.klienci(imie_klienta, nazwisko_klienta, numer_telefonu_klienta, adres_zamieszkania)
VALUES ('Julia', 'Wood', '504938654', 'Aldershot St 123 5-876 Bristol Wielka Brytania');
INSERT INTO siec_hoteli.dbo.klienci(imie_klienta, nazwisko_klienta, numer_telefonu_klienta, adres_zamieszkania)
VALUES ('Goerge', 'Twain', '486859302', 'Independency St 76 8-972 Liverpool Wielka Brytania');
INSERT INTO siec_hoteli.dbo.klienci(imie_klienta, nazwisko_klienta, numer_telefonu_klienta, adres_zamieszkania)
VALUES ('Stefano', 'Umber', '203589431', 'Santa 34 1-451 Madrit Hiszpania');
INSERT INTO siec_hoteli.dbo.klienci(imie_klienta, nazwisko_klienta, numer_telefonu_klienta, adres_zamieszkania)
VALUES ('Daniel', 'Norte', '932363454', 'Ajedrez 12 3-543 Madrit Hiszpania');
INSERT INTO siec_hoteli.dbo.klienci(imie_klienta, nazwisko_klienta, numer_telefonu_klienta, adres_zamieszkania)
VALUES ('Elena', 'Este', '872341421', 'Santa 56 1-451 Alicante Hiszpania');
INSERT INTO siec_hoteli.dbo.klienci(imie_klienta, nazwisko_klienta, numer_telefonu_klienta, adres_zamieszkania)
VALUES ('Sara', 'Cine', '432095032', 'Granizar 1 6-173 Bilbao Hiszpania');
INSERT INTO siec_hoteli.dbo.klienci(imie_klienta, nazwisko_klienta, numer_telefonu_klienta, adres_zamieszkania)
VALUES ('David', 'Acobar', '746841769', 'Hellar 343 1-451 Grenada Hiszpania');
INSERT INTO siec_hoteli.dbo.klienci(imie_klienta, nazwisko_klienta, numer_telefonu_klienta, adres_zamieszkania)
VALUES ('Remedioz', 'Sol', '584736749', 'Julio 153 1-451 Sevilla Hiszpania');
INSERT INTO siec_hoteli.dbo.klienci(imie_klienta, nazwisko_klienta, numer_telefonu_klienta, adres_zamieszkania)
VALUES ('Jose', 'Rodrigez', '591853201', 'Pueblo 12 1-451 Barcelona Hiszpania');
INSERT INTO siec_hoteli.dbo.klienci(imie_klienta, nazwisko_klienta, numer_telefonu_klienta, adres_zamieszkania)
VALUES ('Michael', 'Alexis', '496849212', 'Benevoles 675 23-561 Paris Francja');
INSERT INTO siec_hoteli.dbo.klienci(imie_klienta, nazwisko_klienta, numer_telefonu_klienta, adres_zamieszkania)
VALUES ('Irene', 'Desirre', '496857206', 'Apprivoiser 80 21-496 Paris Francja');
INSERT INTO siec_hoteli.dbo.klienci(imie_klienta, nazwisko_klienta, numer_telefonu_klienta, adres_zamieszkania)
VALUES ('Gabriele', 'Calin', '406958473', 'Frotter 1 67-797 Tuluza Francja');
INSERT INTO siec_hoteli.dbo.klienci(imie_klienta, nazwisko_klienta, numer_telefonu_klienta, adres_zamieszkania)
VALUES ('Dolorez', 'Ambriage', '496830123', 'Kine 57 54-876 Nantes Francja');
INSERT INTO siec_hoteli.dbo.klienci(imie_klienta, nazwisko_klienta, numer_telefonu_klienta, adres_zamieszkania)
VALUES ('Jerzy', 'Tkaczyk', '641015002', N'Krakw ul.Solna 12 Lodz Polska');
INSERT INTO siec_hoteli.dbo.klienci(imie_klienta, nazwisko_klienta, numer_telefonu_klienta, adres_zamieszkania)
VALUES ('Monika', 'Krawczyk', '760519009',
        N'Warszawa ul.Mazurka Dbrowskiego 5 Polska');
INSERT INTO siec_hoteli.dbo.klienci(imie_klienta, nazwisko_klienta, numer_telefonu_klienta, adres_zamieszkania)
VALUES ('Marta', 'Maczyk', '780709053', N'd ul.Przybyszewskiego 2 Polska');
INSERT INTO siec_hoteli.dbo.klienci(imie_klienta, nazwisko_klienta, numer_telefonu_klienta, adres_zamieszkania)
VALUES ('Janusz', 'Balcerek', '620902053',
        N'Olsztyn ul.Matki Boskiej Czstochowskiej 69 Polska');
INSERT INTO siec_hoteli.dbo.klienci(imie_klienta, nazwisko_klienta, numer_telefonu_klienta, adres_zamieszkania)
VALUES (N'Micha', 'Daniec', '023151085', 'Konin, ul.Mala 1 Polska');
GO
INSERT INTO siec_hoteli.dbo.klienci(imie_klienta, nazwisko_klienta, numer_telefonu_klienta, adres_zamieszkania)
VALUES (N'Przemysaw', 'Zdrzalik', '665074716', N'd ul.Sacharowa 53 Polska')
INSERT INTO siec_hoteli.dbo.klienci(imie_klienta, nazwisko_klienta, numer_telefonu_klienta, adres_zamieszkania)
VALUES ('Julia', N'Szymaska', '601874010', N'd ul.Krzeptowskiego 12 Polska')

INSERT INTO siec_hoteli.dbo.rezerwacje(data_rezerwacji, liczba_dni_rezerwacji, id_pokoju, id_klienta)
VALUES ('2021/12/25', 5, 101, 1000);
INSERT INTO siec_hoteli.dbo.rezerwacje(data_rezerwacji, liczba_dni_rezerwacji, id_pokoju, id_klienta)
VALUES ('2021/08/06', 10, 102, 1004);
INSERT INTO siec_hoteli.dbo.rezerwacje(data_rezerwacji, liczba_dni_rezerwacji, id_pokoju, id_klienta)
VALUES ('2021/12/01', 7, 102, 1001);
INSERT INTO siec_hoteli.dbo.rezerwacje(data_rezerwacji, liczba_dni_rezerwacji, id_pokoju, id_klienta)
VALUES ('2021/07/01', 4, 102, 1001);
INSERT INTO siec_hoteli.dbo.rezerwacje(data_rezerwacji, liczba_dni_rezerwacji, id_pokoju, id_klienta)
VALUES ('2021/08/2', 7, 103, 1002);
INSERT INTO siec_hoteli.dbo.rezerwacje(data_rezerwacji, liczba_dni_rezerwacji, id_pokoju, id_klienta)
VALUES ('2021/07/15', 8, 103, 1022);
INSERT INTO siec_hoteli.dbo.rezerwacje(data_rezerwacji, liczba_dni_rezerwacji, id_pokoju, id_klienta)
VALUES ('2021/08/10', 14, 104, 1021);
INSERT INTO siec_hoteli.dbo.rezerwacje(data_rezerwacji, liczba_dni_rezerwacji, id_pokoju, id_klienta)
VALUES ('2021/09/02', 10, 104, 1020);
INSERT INTO siec_hoteli.dbo.rezerwacje(data_rezerwacji, liczba_dni_rezerwacji, id_pokoju, id_klienta)
VALUES ('2021/07/07', 12, 105, 1019);
INSERT INTO siec_hoteli.dbo.rezerwacje(data_rezerwacji, liczba_dni_rezerwacji, id_pokoju, id_klienta)
VALUES ('2021/06/20', 3, 105, 1000);
INSERT INTO siec_hoteli.dbo.rezerwacje(data_rezerwacji, liczba_dni_rezerwacji, id_pokoju, id_klienta)
VALUES ('2021/08/30', 20, 106, 1018);
INSERT INTO siec_hoteli.dbo.rezerwacje(data_rezerwacji, liczba_dni_rezerwacji, id_pokoju, id_klienta)
VALUES ('2021/06/20', 3, 106, 1018);
INSERT INTO siec_hoteli.dbo.rezerwacje(data_rezerwacji, liczba_dni_rezerwacji, id_pokoju, id_klienta)
VALUES ('2021/06/20', 15, 107, 1016);
INSERT INTO siec_hoteli.dbo.rezerwacje(data_rezerwacji, liczba_dni_rezerwacji, id_pokoju, id_klienta)
VALUES ('2021/08/03', 8, 108, 1016);
INSERT INTO siec_hoteli.dbo.rezerwacje(data_rezerwacji, liczba_dni_rezerwacji, id_pokoju, id_klienta)
VALUES ('2021/07/10', 7, 108, 1014);
INSERT INTO siec_hoteli.dbo.rezerwacje(data_rezerwacji, liczba_dni_rezerwacji, id_pokoju, id_klienta)
VALUES ('2021/09/06', 9, 109, 1013);
INSERT INTO siec_hoteli.dbo.rezerwacje(data_rezerwacji, liczba_dni_rezerwacji, id_pokoju, id_klienta)
VALUES ('2021/09/15', 10, 110, 1012);
INSERT INTO siec_hoteli.dbo.rezerwacje(data_rezerwacji, liczba_dni_rezerwacji, id_pokoju, id_klienta)
VALUES ('2021/06/22', 11, 111, 1012);
INSERT INTO siec_hoteli.dbo.rezerwacje(data_rezerwacji, liczba_dni_rezerwacji, id_pokoju, id_klienta)
VALUES ('2021/07/20', 10, 112, 1017);
INSERT INTO siec_hoteli.dbo.rezerwacje(data_rezerwacji, liczba_dni_rezerwacji, id_pokoju, id_klienta)
VALUES ('2021/06/28', 6, 112, 1010);
INSERT INTO siec_hoteli.dbo.rezerwacje(data_rezerwacji, liczba_dni_rezerwacji, id_pokoju, id_klienta)
VALUES ('2021/08/06', 4, 113, 1011);
INSERT INTO siec_hoteli.dbo.rezerwacje(data_rezerwacji, liczba_dni_rezerwacji, id_pokoju, id_klienta)
VALUES ('2021/10/03', 3, 114, 1000);
INSERT INTO siec_hoteli.dbo.rezerwacje(data_rezerwacji, liczba_dni_rezerwacji, id_pokoju, id_klienta)
VALUES ('2020/12/07', 13, 115, 1007);
INSERT INTO siec_hoteli.dbo.rezerwacje(data_rezerwacji, liczba_dni_rezerwacji, id_pokoju, id_klienta)
VALUES ('2021/09/12', 10, 115, 1000);
INSERT INTO siec_hoteli.dbo.rezerwacje(data_rezerwacji, liczba_dni_rezerwacji, id_pokoju, id_klienta)
VALUES ('2021/11/10', 3, 117, 1004);
INSERT INTO siec_hoteli.dbo.rezerwacje(data_rezerwacji, liczba_dni_rezerwacji, id_pokoju, id_klienta)
VALUES ('2021/06/25', 3, 120, 1000);
INSERT INTO siec_hoteli.dbo.rezerwacje(data_rezerwacji, liczba_dni_rezerwacji, id_pokoju, id_klienta)
VALUES ('2021/10/30', 2, 123, 1003);
INSERT INTO siec_hoteli.dbo.rezerwacje(data_rezerwacji, liczba_dni_rezerwacji, id_pokoju, id_klienta)
VALUES ('2021/08/07', 8, 123, 1002);
INSERT INTO siec_hoteli.dbo.rezerwacje(data_rezerwacji, liczba_dni_rezerwacji, id_pokoju, id_klienta)
VALUES ('2021/10/15', 5, 126, 1003);
INSERT INTO siec_hoteli.dbo.rezerwacje(data_rezerwacji, liczba_dni_rezerwacji, id_pokoju, id_klienta)
VALUES ('2021/12/20', 10, 139, 1019);
INSERT INTO siec_hoteli.dbo.rezerwacje(data_rezerwacji, liczba_dni_rezerwacji, id_pokoju, id_klienta)
VALUES ('2021/11/05', 7, 151, 1012);
INSERT INTO siec_hoteli.dbo.rezerwacje(data_rezerwacji, liczba_dni_rezerwacji, id_pokoju, id_klienta)
VALUES ('2020/12/15', 9, 160, 1005);
INSERT INTO siec_hoteli.dbo.rezerwacje(data_rezerwacji, liczba_dni_rezerwacji, id_pokoju, id_klienta)
VALUES ('2020/09/06', 5, 112, 1013);
INSERT INTO siec_hoteli.dbo.rezerwacje(data_rezerwacji, liczba_dni_rezerwacji, id_pokoju, id_klienta)
VALUES ('2019/09/15', 10, 110, 1019);
INSERT INTO siec_hoteli.dbo.rezerwacje(data_rezerwacji, liczba_dni_rezerwacji, id_pokoju, id_klienta)
VALUES ('2020/06/22', 11, 110, 1012);
INSERT INTO siec_hoteli.dbo.rezerwacje(data_rezerwacji, liczba_dni_rezerwacji, id_pokoju, id_klienta)
VALUES ('2018/07/20', 7, 112, 1014);
INSERT INTO siec_hoteli.dbo.rezerwacje(data_rezerwacji, liczba_dni_rezerwacji, id_pokoju, id_klienta)
VALUES ('2020/06/28', 8, 116, 1010);
INSERT INTO siec_hoteli.dbo.rezerwacje(data_rezerwacji, liczba_dni_rezerwacji, id_pokoju, id_klienta)
VALUES ('2020/08/06', 4, 113, 1011);
INSERT INTO siec_hoteli.dbo.rezerwacje(data_rezerwacji, liczba_dni_rezerwacji, id_pokoju, id_klienta)
VALUES ('2020/10/03', 6, 114, 1000);
INSERT INTO siec_hoteli.dbo.rezerwacje(data_rezerwacji, liczba_dni_rezerwacji, id_pokoju, id_klienta)
VALUES ('2020/11/07', 13, 115, 1004);
INSERT INTO siec_hoteli.dbo.rezerwacje(data_rezerwacji, liczba_dni_rezerwacji, id_pokoju, id_klienta)
VALUES ('2020/09/12', 10, 115, 1000);
INSERT INTO siec_hoteli.dbo.rezerwacje(data_rezerwacji, liczba_dni_rezerwacji, id_pokoju, id_klienta)
VALUES ('2019/11/10', 3, 117, 1005);
INSERT INTO siec_hoteli.dbo.rezerwacje(data_rezerwacji, liczba_dni_rezerwacji, id_pokoju, id_klienta)
VALUES ('2018/06/25', 3, 120, 1000);
INSERT INTO siec_hoteli.dbo.rezerwacje(data_rezerwacji, liczba_dni_rezerwacji, id_pokoju, id_klienta)
VALUES ('2019/10/30', 7, 123, 1003);
INSERT INTO siec_hoteli.dbo.rezerwacje(data_rezerwacji, liczba_dni_rezerwacji, id_pokoju, id_klienta)
VALUES ('2020/08/07', 8, 121, 1012);
INSERT INTO siec_hoteli.dbo.rezerwacje(data_rezerwacji, liczba_dni_rezerwacji, id_pokoju, id_klienta)
VALUES ('2019/10/15', 5, 126, 1003);
INSERT INTO siec_hoteli.dbo.rezerwacje(data_rezerwacji, liczba_dni_rezerwacji, id_pokoju, id_klienta)
VALUES ('2018/12/20', 16, 139, 1009);
INSERT INTO siec_hoteli.dbo.rezerwacje(data_rezerwacji, liczba_dni_rezerwacji, id_pokoju, id_klienta)
VALUES ('2020/11/05', 8, 151, 1012);
INSERT INTO siec_hoteli.dbo.rezerwacje(data_rezerwacji, liczba_dni_rezerwacji, id_pokoju, id_klienta)
VALUES ('2019/12/15', 9, 160, 1005);
GO
INSERT INTO siec_hoteli.dbo.rezerwacje(data_rezerwacji, liczba_dni_rezerwacji, id_pokoju, id_klienta)
VALUES ('2019/12/25', 7, 160, 1029);
GO
INSERT INTO siec_hoteli.dbo.rezerwacje(data_rezerwacji, liczba_dni_rezerwacji, id_pokoju, id_klienta)
VALUES ('2020/01/11', 8, 160, 1030);
GO


INSERT INTO siec_hoteli.dbo.uslugi(nazwa_uslugi, cena_uslugi)
VALUES ('Miejsce parkingowe', 10);
INSERT INTO siec_hoteli.dbo.uslugi(nazwa_uslugi, cena_uslugi)
VALUES ('Miejsce garazowe', 50);
INSERT INTO siec_hoteli.dbo.uslugi(nazwa_uslugi, cena_uslugi)
VALUES ('Sniadania', 30);
INSERT INTO siec_hoteli.dbo.uslugi(nazwa_uslugi, cena_uslugi)
VALUES ('Pelne wyzywienie', 100);
INSERT INTO siec_hoteli.dbo.uslugi(nazwa_uslugi, cena_uslugi)
VALUES ('Karnet na silownie', 25);
INSERT INTO siec_hoteli.dbo.uslugi(nazwa_uslugi, cena_uslugi)
VALUES ('Karnet na basen', 40);
INSERT INTO siec_hoteli.dbo.uslugi(nazwa_uslugi, cena_uslugi)
VALUES ('Masaz', 150);
INSERT INTO siec_hoteli.dbo.uslugi(nazwa_uslugi, cena_uslugi)
VALUES ('Lekcja jogi', 75)
GO

INSERT INTO siec_hoteli.dbo.archiwum_rezerwacji(cena_calkowita, cena_za_telefon, cena_za_uslugi,
                                                id_rezerwacji)
VALUES (1520, 0, 0, 1032);
INSERT INTO siec_hoteli.dbo.archiwum_rezerwacji(cena_calkowita, cena_za_telefon, cena_za_uslugi,
                                                id_rezerwacji)
VALUES (3190, 0, 150, 1033);
INSERT INTO siec_hoteli.dbo.archiwum_rezerwacji(cena_calkowita, cena_za_telefon, cena_za_uslugi,
                                                id_rezerwacji)
VALUES (3419, 0, 75, 1034);
INSERT INTO siec_hoteli.dbo.archiwum_rezerwacji(cena_calkowita, cena_za_telefon, cena_za_uslugi,
                                                id_rezerwacji)
VALUES (2153, 25, 0, 1035);
INSERT INTO siec_hoteli.dbo.archiwum_rezerwacji(cena_calkowita, cena_za_telefon, cena_za_uslugi,
                                                id_rezerwacji)
VALUES (985, 0, 25, 1036);
INSERT INTO siec_hoteli.dbo.archiwum_rezerwacji(cena_calkowita, cena_za_telefon, cena_za_uslugi,
                                                id_rezerwacji)
VALUES (1130, 0, 20, 1037);
INSERT INTO siec_hoteli.dbo.archiwum_rezerwacji(cena_calkowita, cena_za_telefon, cena_za_uslugi,
                                                id_rezerwacji)
VALUES (1447, 22, 25, 1038);
INSERT INTO siec_hoteli.dbo.archiwum_rezerwacji(cena_calkowita, cena_za_telefon, cena_za_uslugi,
                                                id_rezerwacji)
VALUES (3640, 0, 0, 1039);
INSERT INTO siec_hoteli.dbo.archiwum_rezerwacji(cena_calkowita, cena_za_telefon, cena_za_uslugi,
                                                id_rezerwacji)
VALUES (2850, 0, 50, 1040);
INSERT INTO siec_hoteli.dbo.archiwum_rezerwacji(cena_calkowita, cena_za_telefon, cena_za_uslugi,
                                                id_rezerwacji)
VALUES (1060, 0, 100, 1041);
INSERT INTO siec_hoteli.dbo.archiwum_rezerwacji(cena_calkowita, cena_za_telefon, cena_za_uslugi,
                                                id_rezerwacji)
VALUES (390, 0, 30, 1042);
INSERT INTO siec_hoteli.dbo.archiwum_rezerwacji(cena_calkowita, cena_za_telefon, cena_za_uslugi,
                                                id_rezerwacji)
VALUES (2412, 0, 210, 1043);
INSERT INTO siec_hoteli.dbo.archiwum_rezerwacji(cena_calkowita, cena_za_telefon, cena_za_uslugi,
                                                id_rezerwacji)
VALUES (1760, 0, 800, 1044);
INSERT INTO siec_hoteli.dbo.archiwum_rezerwacji(cena_calkowita, cena_za_telefon, cena_za_uslugi,
                                                id_rezerwacji)
VALUES (638, 48, 150, 1045);
INSERT INTO siec_hoteli.dbo.archiwum_rezerwacji(cena_calkowita, cena_za_telefon, cena_za_uslugi,
                                                id_rezerwacji)
VALUES (6688, 0, 480, 1046);
INSERT INTO siec_hoteli.dbo.archiwum_rezerwacji(cena_calkowita, cena_za_telefon, cena_za_uslugi,
                                                id_rezerwacji)
VALUES (1283, 115, 240, 1047);
INSERT INTO siec_hoteli.dbo.archiwum_rezerwacji(cena_calkowita, cena_za_telefon, cena_za_uslugi,
                                                id_rezerwacji)
VALUES (2624, 0, 800, 1048);
GO

INSERT INTO siec_hoteli.dbo.usluga_dla_rezerwacji(id_uslugi, id_rezerwacji)
VALUES (1, 1000);
INSERT INTO siec_hoteli.dbo.usluga_dla_rezerwacji(id_uslugi, id_rezerwacji)
VALUES (2, 1001);
INSERT INTO siec_hoteli.dbo.usluga_dla_rezerwacji(id_uslugi, id_rezerwacji)
VALUES (1, 1001);
INSERT INTO siec_hoteli.dbo.usluga_dla_rezerwacji(id_uslugi, id_rezerwacji)
VALUES (6, 1009);
INSERT INTO siec_hoteli.dbo.usluga_dla_rezerwacji(id_uslugi, id_rezerwacji)
VALUES (4, 1009);
INSERT INTO siec_hoteli.dbo.usluga_dla_rezerwacji(id_uslugi, id_rezerwacji)
VALUES (5, 1013);
INSERT INTO siec_hoteli.dbo.usluga_dla_rezerwacji(id_uslugi, id_rezerwacji)
VALUES (4, 1013);
INSERT INTO siec_hoteli.dbo.usluga_dla_rezerwacji(id_uslugi, id_rezerwacji)
VALUES (6, 1016);
INSERT INTO siec_hoteli.dbo.usluga_dla_rezerwacji(id_uslugi, id_rezerwacji)
VALUES (1, 1016);
INSERT INTO siec_hoteli.dbo.usluga_dla_rezerwacji(id_uslugi, id_rezerwacji)
VALUES (2, 1020);
INSERT INTO siec_hoteli.dbo.usluga_dla_rezerwacji(id_uslugi, id_rezerwacji)
VALUES (5, 1020);
INSERT INTO siec_hoteli.dbo.usluga_dla_rezerwacji(id_uslugi, id_rezerwacji)
VALUES (1, 1022);
INSERT INTO siec_hoteli.dbo.usluga_dla_rezerwacji(id_uslugi, id_rezerwacji)
VALUES (3, 1024);
INSERT INTO siec_hoteli.dbo.usluga_dla_rezerwacji(id_uslugi, id_rezerwacji)
VALUES (6, 1024);
INSERT INTO siec_hoteli.dbo.usluga_dla_rezerwacji(id_uslugi, id_rezerwacji)
VALUES (5, 1025);
INSERT INTO siec_hoteli.dbo.usluga_dla_rezerwacji(id_uslugi, id_rezerwacji)
VALUES (3, 1026);
INSERT INTO siec_hoteli.dbo.usluga_dla_rezerwacji(id_uslugi, id_rezerwacji)
VALUES (5, 1026);
INSERT INTO siec_hoteli.dbo.usluga_dla_rezerwacji(id_uslugi, id_rezerwacji)
VALUES (6, 1027);
INSERT INTO siec_hoteli.dbo.usluga_dla_rezerwacji(id_uslugi, id_rezerwacji)
VALUES (4, 1014);
INSERT INTO siec_hoteli.dbo.usluga_dla_rezerwacji(id_uslugi, id_rezerwacji)
VALUES (1, 1028);
INSERT INTO siec_hoteli.dbo.usluga_dla_rezerwacji(id_uslugi, id_rezerwacji)
VALUES (4, 1028);
INSERT INTO siec_hoteli.dbo.usluga_dla_rezerwacji(id_uslugi, id_rezerwacji)
VALUES (5, 1028);
INSERT INTO siec_hoteli.dbo.usluga_dla_rezerwacji(id_uslugi, id_rezerwacji)
VALUES (1, 1027);
INSERT INTO siec_hoteli.dbo.usluga_dla_rezerwacji(id_uslugi, id_rezerwacji)
VALUES (1, 1029);
INSERT INTO siec_hoteli.dbo.usluga_dla_rezerwacji(id_uslugi, id_rezerwacji)
VALUES (6, 1029);
INSERT INTO siec_hoteli.dbo.usluga_dla_rezerwacji(id_uslugi, id_rezerwacji)
VALUES (4, 1030);
INSERT INTO siec_hoteli.dbo.usluga_dla_rezerwacji(id_uslugi, id_rezerwacji)
VALUES (1, 1030);
INSERT INTO siec_hoteli.dbo.usluga_dla_rezerwacji(id_uslugi, id_rezerwacji)
VALUES (5, 1031);
INSERT INTO siec_hoteli.dbo.usluga_dla_rezerwacji(id_uslugi, id_rezerwacji)
VALUES (3, 1031);
INSERT INTO siec_hoteli.dbo.usluga_dla_rezerwacji(id_uslugi, id_rezerwacji)
VALUES (6, 1031);
INSERT INTO siec_hoteli.dbo.usluga_dla_rezerwacji(id_uslugi, id_rezerwacji)
VALUES (1, 1019);
INSERT INTO siec_hoteli.dbo.usluga_dla_rezerwacji(id_uslugi, id_rezerwacji)
VALUES (2, 1019);
INSERT INTO siec_hoteli.dbo.usluga_dla_rezerwacji(id_uslugi, id_rezerwacji)
VALUES (5, 1019);
INSERT INTO siec_hoteli.dbo.usluga_dla_rezerwacji(id_uslugi, id_rezerwacji)
VALUES (6, 1019);
GO

SELECT *
FROM siec_hoteli.dbo.panstwa
SELECT *
FROM siec_hoteli.dbo.miasta
SELECT *
FROM siec_hoteli.dbo.hotele
SELECT *
FROM siec_hoteli.dbo.pracownicy
SELECT *
FROM siec_hoteli.dbo.archiwum_pracownikow
SELECT *
FROM siec_hoteli.dbo.pokoje
SELECT *
FROM siec_hoteli.dbo.sprzatanie
SELECT *
FROM siec_hoteli.dbo.rozmowy_telefoniczne
SELECT *
FROM siec_hoteli.dbo.klienci
SELECT *
FROM siec_hoteli.dbo.rezerwacje
SELECT *
FROM siec_hoteli.dbo.uslugi
SELECT *
FROM siec_hoteli.dbo.archiwum_rezerwacji
SELECT *
FROM siec_hoteli.dbo.usluga_dla_rezerwacji
GO
